from,to,range
send@0.0.1,mime@1.0.0,1.2.6
send@0.0.1,debug@2.2.0,*
send@0.0.1,fresh@0.0.1,0.1.0
send@0.0.1,range-parser@0.0.1,0.0.4
debug@2.2.0,ms@0.1.0,0.7.1
connect@2.0.0,qs@3.1.0,0.4.x
connect@2.0.0,mime@1.0.0,1.2.4
connect@2.0.0,formidable@1.0.5,1.0.x
connect@2.0.0,debug@2.2.0,*
express@3.5.0,send@0.0.1,0.2.0
express@3.5.0,debug@0.0.1,>= 0.7.3 < 1
express@3.5.0,fresh@0.0.1,0.2.2
express@3.5.0,cookie@0.0.0,0.1.1
express@3.5.0,mkdirp@0.0.1,0.3.5
express@3.5.0,connect@2.0.0,2.14.1
express@3.5.0,methods@0.0.1,0.1.0
express@3.5.0,commander@1.0.0,1.3.2
express@3.5.0,buffer-crc32@0.1.0,0.2.1
express@3.5.0,range-parser@1.0.0,1.0.0
express@3.5.0,cookie-signature@1.0.0,1.0.3
express@3.5.0,merge-descriptors@0.0.1,0.0.2
json5@1.0.0,minimist@1.0.0,^1.2.0
loader-utils@0.1.0,json5@1.0.0,0.1.x
watchpack@0.1.0,async@0.1.0,^0.9.0
watchpack@0.1.0,chokidar@0.1.1,^0.8.2
watchpack@0.1.0,graceful-fs@3.0.0,^3.0.2
source-map@0.0.0,requirejs@0.26.0,>=0.26.0
uglify-js@2.2.0,optimist@0.0.1,~0.3.5
uglify-js@2.2.0,source-map@0.0.0,~0.1.7
webpack@1.12.7,async@1.0.0,^1.3.0
webpack@1.12.7,clone@1.0.0,^1.0.2
webpack@1.12.7,mkdirp@0.0.1,~0.5.0
webpack@1.12.7,esprima@2.0.0,^2.5.0
webpack@1.12.7,tapable@0.1.0,~0.1.8
webpack@1.12.7,optimist@0.0.1,~0.6.0
webpack@1.12.7,interpret@0.1.0,^0.6.4
webpack@1.12.7,memory-fs@0.1.0,~0.2.0
webpack@1.12.7,uglify-js@2.2.0,~2.6.0
webpack@1.12.7,watchpack@0.1.0,^0.2.1
webpack@1.12.7,loader-utils@0.1.0,^0.2.11
webpack@1.12.7,webpack-core@0.1.0,~0.6.0
supports-color@3.0.0,has-flag@1.0.0,^1.0.0
console-browserify@0.1.0,date-now@0.1.0,~0.1.0
buffer-browserify@0.0.1,base64-js@0.0.1,0.0.2
node-libs-browser@0.1.0,vm-browserify@0.0.0,0.0.1
node-libs-browser@0.1.0,http-browserify@0.0.0,0.1.6
node-libs-browser@0.1.0,zlib-browserify@0.0.1,0.0.1
node-libs-browser@0.1.0,buffer-browserify@0.0.1,0.0.4
node-libs-browser@0.1.0,crypto-browserify@0.0.0,0.2.1
node-libs-browser@0.1.0,console-browserify@0.1.0,0.1.6
webpack@1.12.7,supports-color@3.0.0,^3.1.0
webpack@1.12.7,enhanced-resolve@0.2.0,~0.9.0
webpack@1.12.7,node-libs-browser@0.1.0,>= 0.4.0 <=0.6.0
supports-color@4.0.0,has-flag@2.0.0,^2.0.0
debug@2.0.0,ms@0.1.0,0.6.2
strip-ansi@4.0.0,ansi-regex@3.0.0,^3.0.0
yargs-parser@5.0.0,camelcase@3.0.0,^3.0.0
ansi-styles@3.0.0,color-convert@1.0.0,^1.0.0
chalk@2.0.0,ansi-styles@3.0.0,^3.1.0
chalk@2.0.0,supports-color@4.0.0,^4.0.0
chalk@2.0.0,escape-string-regexp@1.0.0,^1.0.5
brace-expansion@1.0.0,concat-map@0.0.0,0.0.0
brace-expansion@1.0.0,balanced-match@0.0.0,^0.2.0
minimatch@3.1.5,brace-expansion@1.0.0,^1.1.7
chalk@0.1.0,has-color@0.1.0,~0.1.0
chalk@0.1.0,ansi-styles@0.1.0,~0.1.0
inflight@1.0.0,once@1.1.1,^1.3.0
glob@7.0.0,once@1.1.1,^1.3.0
glob@7.0.0,inflight@1.0.0,^1.0.4
glob@7.0.0,inherits@1.0.2,2
glob@7.0.0,minimatch@3.1.5,2 || 3
glob@7.0.0,path-is-absolute@1.0.0,^1.0.0
strip-ansi@3.0.0,ansi-regex@2.0.0,^2.0.0
wrap-ansi@1.0.0,string-width@1.0.0,^1.0.1
pretty-format@21.0.0,ansi-regex@3.0.0,^3.0.0
pretty-format@21.0.0,ansi-styles@3.0.0,^3.2.0
arr-union@1.0.0,array-unique@0.1.1,^0.1.1
micromatch@1.0.0,braces@1.0.0,^1.0.0
micromatch@1.0.0,unixify@0.1.0,^0.1.0
micromatch@1.0.0,arr-diff@1.0.0,^1.0.1
micromatch@1.0.0,arr-union@1.0.0,^1.0.0
micromatch@1.0.0,filename-regex@0.1.0,^0.1.0
extglob@0.1.0,micromatch@1.0.0,^1.2.2
lcid@1.0.0,invert-kv@1.0.0,^1.0.0
os-locale@1.0.0,lcid@1.0.0,^1.0.0
escodegen@1.0.0,esprima@1.0.0,~1.0.2
escodegen@1.0.0,estraverse@1.0.0,~1.4.0
escodegen@1.0.0,source-map@0.0.0,~0.1.30
require-directory@2.0.0,underscore@1.0.3,^1.6.0
jest-message-util@21.0.0,chalk@2.0.0,^2.0.1
jest-message-util@21.0.0,slash@1.0.0,^1.0.0
jest-message-util@21.0.0,micromatch@2.0.0,^2.3.11
expand-range@0.1.0,is-number@0.1.0,^0.1.1
expand-range@0.1.0,repeat-string@0.1.0,^0.2.2
braces@1.0.0,expand-range@0.1.0,^0.3.1
arr-diff@1.0.0,array-slice@0.1.0,^0.2.2
parse-glob@2.0.0,glob-path-regex@1.0.0,^1.0.0
parse-glob@2.0.0,is-glob@1.0.0,^1.1.0
path-exists@2.0.0,pinkie-promise@1.0.0,^1.0.0
find-up@1.0.0,path-exists@2.0.0,^2.0.0
find-up@1.0.0,pinkie-promise@1.0.0,^1.0.0
jest-environment-node@21.0.0,jest-mock@21.0.0,^21.0.0
jest-environment-node@21.0.0,jest-util@21.0.0,^21.0.0
for-own@0.1.0,for-in@0.1.0,^0.1.1
object.omit@0.2.0,for-own@0.1.0,^0.1.1
object.omit@0.2.0,isobject@0.1.0,^0.2.0
whatwg-url@2.0.0,tr46@0.0.1,~0.0.3
whatwg-url@2.0.0,webidl-conversions@3.0.0,^3.0.0
cssstyle@0.1.0,cssom@0.3.1,0.2.x
jsdom@9.0.0,sax@1.0.0,^1.1.4
jsdom@9.0.0,abab@1.0.0,^1.0.0
jsdom@9.0.0,acorn@2.0.0,^2.4.0
jsdom@9.0.0,cssom@0.2.0,>= 0.3.0 < 0.4.0
jsdom@9.0.0,parse5@1.0.0,^1.5.1
jsdom@9.0.0,request@2.0.0,^2.55.0
jsdom@9.0.0,cssstyle@0.1.0,>= 0.2.34 < 0.3.0
jsdom@9.0.0,escodegen@1.0.0,^1.6.1
jsdom@9.0.0,nwmatcher@1.2.5,>= 1.3.7 < 2.0.0
jsdom@9.0.0,iconv-lite@0.1.0,^0.4.13
jsdom@9.0.0,whatwg-url@2.0.0,^2.0.1
jsdom@9.0.0,array-equal@1.0.0,^1.0.0
is-builtin-module@1.0.0,builtin-modules@1.0.0,^1.0.0
jest-validate@21.0.0,chalk@2.0.0,^2.0.1
jest-validate@21.0.0,leven@2.0.0,^2.1.0
jest-validate@21.0.0,jest-get-type@21.0.0,^21.0.0
jest-validate@21.0.0,pretty-format@21.0.0,^21.0.0
jest-util@21.0.0,chalk@2.0.0,^2.0.1
jest-util@21.0.0,mkdirp@0.0.1,^0.5.1
jest-util@21.0.0,callsites@2.0.0,^2.0.0
jest-util@21.0.0,jest-mock@21.0.0,^21.0.0
jest-util@21.0.0,graceful-fs@4.1.0,^4.1.11
jest-util@21.0.0,jest-validate@21.0.0,^21.0.0
jest-util@21.0.0,jest-message-util@21.0.0,^21.0.0
is-fullwidth-code-point@1.0.0,number-is-nan@1.0.0,^1.0.0
code-point-at@1.0.0,number-is-nan@1.0.0,^1.0.0
string-width@1.0.0,strip-ansi@3.0.0,^3.0.0
string-width@1.0.0,code-point-at@1.0.0,^1.0.0
string-width@1.0.0,is-fullwidth-code-point@1.0.0,^1.0.0
center-align@0.1.0,align-text@0.1.0,^0.1.0
ansi@0.0.1,debug@2.2.0,*
load-json-file@1.0.0,graceful-fs@4.1.0,^4.1.2
load-json-file@1.0.0,parse-json@2.0.0,^2.2.0
load-json-file@1.0.0,pify@1.0.0,^1.1.0
load-json-file@1.0.0,pinkie-promise@1.0.0,^1.0.0
load-json-file@1.0.0,strip-bom@2.0.0,^2.0.0
acorn-globals@1.0.0,acorn@0.0.1,^0.8.0
normalize-package-data@2.0.0,semver@4.0.2,2 || 3 || 4
normalize-package-data@2.0.0,hosted-git-info@2.0.0,^2.0.2
read-pkg@1.0.0,load-json-file@1.0.0,^1.0.0
read-pkg@1.0.0,normalize-package-data@2.0.0,^2.3.2
read-pkg-up@1.0.1,find-up@1.0.0,^1.0.0
read-pkg-up@1.0.1,read-pkg@1.0.0,^1.0.0
jest-matcher-utils@21.0.0,chalk@2.0.0,^2.0.1
jest-matcher-utils@21.0.0,jest-get-type@21.0.0,^21.0.0
jest-matcher-utils@21.0.0,pretty-format@21.0.0,^21.0.0
jsdom@9.0.0,symbol-tree@3.0.0,>= 3.1.0 < 4.0.0
jsdom@9.0.0,tough-cookie@2.0.0,^2.2.0
jsdom@9.0.0,acorn-globals@1.0.0,^1.0.4
jsdom@9.0.0,webidl-conversions@3.0.0,^3.0.1
jsdom@9.0.0,xml-name-validator@2.0.1,>= 2.0.1 < 3.0.0
jest-environment-jsdom@21.0.0,jsdom@9.0.0,^9.12.0
jest-environment-jsdom@21.0.0,jest-mock@21.0.0,^21.0.0
jest-environment-jsdom@21.0.0,jest-util@21.0.0,^21.0.0
jest-diff@21.0.0,diff@3.0.0,^3.2.0
jest-diff@21.0.0,chalk@2.0.0,^2.0.1
jest-diff@21.0.0,jest-get-type@21.0.0,^21.0.0
jest-diff@21.0.0,pretty-format@21.0.0,^21.0.0
jest-snapshot@21.0.0,chalk@2.0.0,^2.0.1
jest-snapshot@21.0.0,mkdirp@0.0.1,^0.5.1
jest-snapshot@21.0.0,jest-diff@21.0.0,^21.0.0
jest-snapshot@21.0.0,pretty-format@21.0.0,^21.0.0
jest-snapshot@21.0.0,natural-compare@1.2.2,^1.4.0
jest-snapshot@21.0.0,jest-matcher-utils@21.0.0,^21.0.0
expect@21.0.0,jest-diff@21.0.0,^21.0.0
expect@21.0.0,ansi-styles@3.0.0,^3.2.0
expect@21.0.0,jest-get-type@21.0.0,^21.0.0
expect@21.0.0,jest-regex-util@21.0.0,^21.0.0
expect@21.0.0,jest-message-util@21.0.0,^21.0.0
expect@21.0.0,jest-matcher-utils@21.0.0,^21.0.0
jest-jasmine2@21.0.0,chalk@2.0.0,^2.0.1
jest-jasmine2@21.0.0,expect@21.0.0,^21.0.0
jest-jasmine2@21.0.0,jest-diff@21.0.0,^21.0.0
jest-jasmine2@21.0.0,graceful-fs@4.1.0,^4.1.11
jest-jasmine2@21.0.0,p-cancelable@0.1.0,^0.3.0
jest-jasmine2@21.0.0,jest-snapshot@21.0.0,^21.0.0
jest-jasmine2@21.0.0,jest-message-util@21.0.0,^21.0.0
jest-jasmine2@21.0.0,jest-matcher-utils@21.0.0,^21.0.0
align-text@0.1.0,kind-of@1.0.0,^1.1.0
align-text@0.1.0,longest@1.0.0,^1.0.0
align-text@0.1.0,repeat-string@1.0.0,^1.5.0
right-align@0.1.0,align-text@0.1.0,^0.1.0
cliui@3.0.0,wrap-ansi@1.0.0,^1.0.0
cliui@3.0.0,right-align@0.1.0,^0.1.1
cliui@3.0.0,center-align@0.1.0,^0.1.1
yargs@7.0.0,y18n@3.0.0,^3.2.1
yargs@7.0.0,cliui@3.0.0,^3.2.0
yargs@7.0.0,camelcase@3.0.0,^3.0.0
yargs@7.0.0,os-locale@1.0.0,^1.4.0
yargs@7.0.0,decamelize@1.0.0,^1.1.1
yargs@7.0.0,read-pkg-up@1.0.1,^1.0.1
yargs@7.0.0,set-blocking@2.0.0,^2.0.0
yargs@7.0.0,string-width@1.0.0,^1.0.2
yargs@7.0.0,which-module@1.0.0,^1.0.0
yargs@7.0.0,yargs-parser@5.0.0,^5.0.0
yargs@7.0.0,get-caller-file@1.0.0,^1.0.1
yargs@7.0.0,require-directory@2.0.0,^2.1.1
browser-resolve@1.0.0,resolve@0.0.0,0.3.1
jest-resolve@21.0.0,chalk@2.0.0,^2.0.1
jest-resolve@21.0.0,browser-resolve@1.0.0,^1.11.2
jest-resolve@21.0.0,is-builtin-module@1.0.0,^1.0.0
jest-config@21.0.0,glob@7.0.0,^7.1.1
jest-config@21.0.0,chalk@2.0.0,^2.0.1
jest-config@21.0.0,jest-util@21.0.0,^21.0.0
jest-config@21.0.0,jest-resolve@21.0.0,^21.0.0
jest-config@21.0.0,jest-get-type@21.0.0,^21.0.0
jest-config@21.0.0,jest-jasmine2@21.0.0,^21.0.0
jest-config@21.0.0,jest-validate@21.0.0,^21.0.0
jest-config@21.0.0,pretty-format@21.0.0,^21.0.0
jest-config@21.0.0,jest-regex-util@21.0.0,^21.0.0
jest-config@21.0.0,jest-environment-node@21.0.0,^21.0.0
jest-config@21.0.0,jest-environment-jsdom@21.0.0,^21.0.0
file-reader@0.1.0,fs-utils@0.1.0,^0.5.0
file-reader@0.1.0,map-files@0.1.0,^0.2.0
file-reader@0.1.0,mixin-object@0.1.0,^0.1.1
benchmarked@0.1.0,ansi@0.0.1,^0.3.0
benchmarked@0.1.0,benchmark@1.0.0,^1.0.0
benchmarked@0.1.0,chalk@0.1.0,^0.5.1
benchmarked@0.1.0,extend-shallow@0.1.0,^0.1.0
benchmarked@0.1.0,file-reader@0.1.0,^0.1.0
benchmarked@0.1.0,for-own@0.1.0,^0.1.2
regex-cache@0.1.0,benchmarked@0.1.0,^0.1.3
regex-cache@0.1.0,chalk@0.1.0,^0.5.1
regex-cache@0.1.0,micromatch@1.0.0,^1.2.2
micromatch@2.0.0,debug@2.0.0,^2.1.2
micromatch@2.0.0,braces@1.0.0,^1.7.0
micromatch@2.0.0,extglob@0.1.0,^0.2.0
micromatch@2.0.0,is-glob@1.0.0,^1.1.1
micromatch@2.0.0,kind-of@1.0.0,^1.1.0
micromatch@2.0.0,arr-diff@1.0.0,^1.0.1
micromatch@2.0.0,parse-glob@2.0.0,^2.1.1
micromatch@2.0.0,object.omit@0.2.0,^0.2.1
micromatch@2.0.0,regex-cache@0.1.0,^0.3.0
micromatch@2.0.0,filename-regex@2.0.0,^2.0.0
micromatch@2.0.0,expand-brackets@0.1.0,^0.1.1
yargs@7.0.0,require-main-filename@1.0.0,^1.0.1
jest-cli@21.0.0,glob@7.0.0,^7.1.2
jest-cli@21.0.0,pify@2.0.0,^2.3.0
jest-cli@21.0.0,chalk@2.0.0,^2.0.1
jest-cli@21.0.0,is-ci@1.0.0,^1.0.10
jest-cli@21.0.0,slash@1.0.0,^1.0.0
jest-cli@21.0.0,which@1.0.0,^1.2.12
jest-cli@21.0.0,yargs@7.0.0,^7.0.2
jest-cli@21.0.0,jest-util@21.0.0,^21.0.0
jest-cli@21.0.0,micromatch@2.0.0,^2.3.11
jest-cli@21.0.0,strip-ansi@4.0.0,^4.0.0
jest-cli@21.0.0,graceful-fs@4.1.0,^4.1.11
jest-cli@21.0.0,jest-config@21.0.0,^21.0.0
strip-ansi@2.0.0,ansi-regex@1.0.0,^1.0.0
string-length@1.0.0,strip-ansi@2.0.0,^2.0.0
worker-farm@1.0.0,errno@0.0.1,>=0.1.1 <0.2.0-0
worker-farm@1.0.0,xtend@4.0.0,>=4.0.0 <4.1.0-0
jest-changed-files@21.0.0,throat@4.0.0,^4.0.0
async@2.0.0,lodash@4.0.0,^4.8.0
jest-runner@21.0.0,pify@2.0.0,^2.3.0
jest-runner@21.0.0,throat@3.0.0,^3.0.0
jest-runner@21.0.0,jest-util@21.0.0,^21.0.0
jest-runner@21.0.0,jest-config@21.0.0,^21.0.0
jest-runner@21.0.0,worker-farm@1.0.0,^1.3.1
jest-runner@21.0.0,jest-runtime@21.0.0,^21.0.0
jest-runner@21.0.0,jest-docblock@21.0.0,^21.0.0
jest-runner@21.0.0,jest-jasmine2@21.0.0,^21.0.0
jest-runner@21.0.0,jest-haste-map@21.0.0,^21.0.0
jest-runner@21.0.0,jest-message-util@21.0.0,^21.0.0
babel-messages@6.0.0,babel-runtime@6.0.2,^6.0.0
detect-indent@3.0.0,minimist@1.0.0,^1.1.0
detect-indent@3.0.0,get-stdin@3.0.0,^3.0.0
detect-indent@3.0.0,repeating@1.0.0,^1.1.0
node-notifier@5.0.0,which@1.0.0,^1.2.12
node-notifier@5.0.0,growly@1.0.0,^1.3.0
node-notifier@5.0.0,semver@5.0.0,^5.3.0
node-notifier@5.0.0,shellwords@0.0.1,^0.1.0
babel-runtime@6.0.2,core-js@1.0.0,^1.0.0
minimatch@3.0.0,brace-expansion@1.0.0,^1.0.0
fileset@2.0.2,glob@7.0.0,^7.0.3
fileset@2.0.2,minimatch@3.0.0,^3.0.2
istanbul-lib-report@1.0.0,istanbul-lib-coverage@1.0.0,^1.0.2
istanbul-lib-report@1.0.0,mkdirp@0.0.1,^0.5.1
istanbul-lib-report@1.0.0,path-parse@1.0.0,^1.0.5
istanbul-lib-report@1.0.0,supports-color@3.0.0,^3.1.2
babylon@6.0.2,babel-runtime@6.0.2,^6.0.2
rimraf@2.0.0,graceful-fs@2.0.1,~1.1
istanbul-lib-source-maps@1.0.0,mkdirp@0.0.1,^0.5.1
istanbul-lib-source-maps@1.0.0,rimraf@2.0.0,^2.4.4
istanbul-lib-source-maps@1.0.0,source-map@0.0.0,^0.5.3
istanbul-lib-source-maps@1.0.0,istanbul-lib-coverage@1.0.0,^1.0.0-alpha.0
babel-types@6.0.2,babel-runtime@6.0.2,^6.0.2
babel-types@6.0.2,babel-traverse@6.0.2,^6.0.2
babel-types@6.0.2,esutils@2.0.0,^2.0.2
babel-types@6.0.2,lodash@3.0.0,^3.10.1
babel-types@6.0.2,to-fast-properties@1.0.0,^1.0.1
babel-template@6.0.2,babylon@6.0.2,^6.0.2
babel-template@6.0.2,babel-traverse@6.0.2,^6.0.2
babel-template@6.0.2,babel-types@6.0.2,^6.0.2
babel-template@6.0.2,babel-runtime@6.0.2,^6.0.2
babel-template@6.0.2,lodash@3.0.0,^3.10.1
babel-traverse@6.0.2,babel-code-frame@6.0.0,^6.0.2
babel-traverse@6.0.2,babel-messages@6.0.0,^6.0.2
babel-traverse@6.0.2,babel-runtime@6.0.2,^6.0.2
babel-traverse@6.0.2,babel-types@6.0.2,^6.0.2
babel-traverse@6.0.2,babylon@6.0.2,^6.0.2
babel-traverse@6.0.2,globals@8.0.0,^8.3.0
babel-traverse@6.0.2,invariant@2.0.0,^2.1.0
babel-traverse@6.0.2,lodash@3.0.0,^3.10.1
babel-traverse@6.0.2,repeating@1.0.0,^1.1.3
argparse@0.1.0,underscore@1.0.3,1.3.1
argparse@0.1.0,underscore.string@2.0.0,2.1.1
js-yaml@3.0.0,esprima@1.0.0,~ 1.0.2
js-yaml@3.0.0,argparse@0.1.0,~ 0.1.11
find-up@2.0.0,path-exists@2.0.0,^2.0.0
repeating@1.0.0,is-finite@1.0.0,^1.0.0
repeating@1.0.0,meow@1.0.0,^1.0.0
babel-generator@6.0.0,babel-messages@6.0.0,^6.0.0
babel-generator@6.0.0,babel-runtime@6.0.2,^6.0.0
babel-generator@6.0.0,babel-types@6.0.2,^6.0.0
babel-generator@6.0.0,detect-indent@3.0.0,^3.0.1
babel-generator@6.0.0,is-integer@1.0.0,^1.0.4
babel-generator@6.0.0,lodash@3.0.0,^3.10.1
babel-generator@6.0.0,repeating@1.0.0,^1.1.3
babel-generator@6.0.0,source-map@0.0.0,^0.4.4
babel-generator@6.0.0,trim-right@1.0.0,^1.0.1
istanbul-lib-instrument@1.1.0,babylon@6.0.2,^6.8.1
istanbul-lib-instrument@1.1.0,babel-types@6.0.2,^6.10.2
istanbul-lib-instrument@1.1.0,babel-template@6.0.2,^6.9.0
istanbul-lib-instrument@1.1.0,babel-traverse@6.0.2,^6.9.0
istanbul-lib-instrument@1.1.0,babel-generator@6.0.0,^6.11.3
istanbul-lib-instrument@1.1.0,istanbul-lib-coverage@1.0.0,^1.0.0-alpha.4
test-exclude@4.0.0,arrify@1.0.0,^1.0.1
test-exclude@4.0.0,micromatch@2.0.0,^2.3.11
test-exclude@4.0.0,read-pkg-up@1.0.1,^1.0.1
test-exclude@4.0.0,object-assign@4.0.0,^4.1.0
test-exclude@4.0.0,require-main-filename@1.0.0,^1.0.1
babel-plugin-istanbul@4.0.0,find-up@2.0.0,^2.1.0
babel-plugin-istanbul@4.0.0,test-exclude@4.0.0,^4.0.0
babel-plugin-istanbul@4.0.0,istanbul-lib-instrument@1.1.0,^1.4.2
babel-preset-jest@21.0.0,babel-plugin-jest-hoist@21.0.0,^21.0.0
babel-jest@21.0.0,babel-preset-jest@21.0.0,^21.0.0
babel-jest@21.0.0,babel-plugin-istanbul@4.0.0,^4.0.0
istanbul-lib-hook@1.0.0,append-transform@0.2.0,^0.4.0
babel-helpers@6.0.0,babel-runtime@6.0.2,^6.0.0
babel-helpers@6.0.0,babel-template@6.0.2,^6.0.0
uglify-js@2.8.23,yargs@3.0.0,~3.10.0
uglify-js@2.8.23,source-map@0.0.0,~0.5.1
uglify-js@2.8.23,uglify-to-browserify@1.0.0,~1.0.0
handlebars@4.0.0,async@1.0.0,^1.4.0
handlebars@4.0.0,optimist@0.0.1,^0.6.1
handlebars@4.0.0,uglify-js@2.8.23,~2.4
handlebars@4.0.0,source-map@0.0.0,^0.1.40
istanbul-reports@1.0.0,handlebars@4.0.0,^4.0.3
istanbul-api@1.1.0,async@2.0.0,^2.1.4
istanbul-api@1.1.0,fileset@2.0.2,^2.0.2
istanbul-api@1.1.0,istanbul-lib-coverage@1.0.0,^1.0.0
istanbul-api@1.1.0,istanbul-lib-hook@1.0.0,^1.0.0-alpha.4
istanbul-api@1.1.0,istanbul-lib-instrument@1.1.0,^1.3.0
istanbul-api@1.1.0,istanbul-lib-report@1.0.0,^1.0.0-alpha.3
istanbul-api@1.1.0,istanbul-lib-source-maps@1.0.0,^1.1.0
istanbul-api@1.1.0,istanbul-reports@1.0.0,^1.0.0
istanbul-api@1.1.0,js-yaml@3.0.0,^3.7.0
istanbul-api@1.1.0,mkdirp@0.0.1,^0.5.1
istanbul-api@1.1.0,once@1.1.1,^1.4.0
minimatch@1.0.0,sigmund@1.0.0,~1.0.0
minimatch@1.0.0,lru-cache@7.1.0,2
anymatch@1.0.0,minimatch@1.0.0,~1.0.0
chalk@1.0.0,has-ansi@1.0.0,^1.0.3
chalk@1.0.0,strip-ansi@2.0.0,^2.0.1
chalk@1.0.0,ansi-styles@2.0.0,^2.0.1
chalk@1.0.0,supports-color@1.0.0,^1.3.0
chalk@1.0.0,escape-string-regexp@1.0.0,^1.0.2
bser@2.0.0,node-int64@0.1.0,^0.4.0
fb-watchman@2.0.0,bser@2.0.0,^2.0.0
node-pre-gyp@0.1.0,nopt@2.1.1,2
node-pre-gyp@0.1.0,npmlog@1.2.1,0
node-pre-gyp@0.1.0,request@2.11.1,2
node-pre-gyp@0.1.0,semver@4.0.2,~2.1
node-pre-gyp@0.1.0,tar@3.2.3,0
fsevents@1.0.0,nan@2.0.0,^2.0.2
fsevents@1.0.0,node-pre-gyp@0.1.0,^0.6.8
walker@1.0.0,makeerror@1.0.0,>= 1.0.0
exec-sh@0.1.0,merge@1.0.0,^1.1.3
sane@2.0.0,anymatch@1.0.0,^1.3.0
sane@2.0.0,exec-sh@0.1.0,^0.2.0
sane@2.0.0,fb-watchman@2.0.0,^2.0.0
sane@2.0.0,minimatch@3.0.0,^3.0.2
sane@2.0.0,minimist@1.0.0,^1.1.1
sane@2.0.0,walker@1.0.0,~1.0.5
sane@2.0.0,watch@0.1.0,~0.10.0
sane@2.0.0,fsevents@1.0.0,^1.1.1
jest-haste-map@21.0.0,sane@2.0.0,^2.0.0
jest-haste-map@21.0.0,micromatch@2.0.0,^2.3.11
jest-haste-map@21.0.0,fb-watchman@2.0.0,^2.0.0
jest-haste-map@21.0.0,graceful-fs@4.1.0,^4.1.11
jest-haste-map@21.0.0,worker-farm@1.0.0,^1.3.1
jest-haste-map@21.0.0,jest-docblock@21.0.0,^21.0.0
line-numbers@0.1.0,left-pad@0.0.0,0.0.3
babel-code-frame@6.0.0,babel-runtime@6.0.2,^6.0.0
babel-code-frame@6.0.0,chalk@1.0.0,^1.1.0
babel-code-frame@6.0.0,esutils@2.0.0,^2.0.2
babel-code-frame@6.0.0,js-tokens@1.0.0,^1.0.1
babel-code-frame@6.0.0,line-numbers@0.1.0,^0.2.0
babel-code-frame@6.0.0,repeating@1.0.0,^1.1.3
babel-core@6.0.0,babel-code-frame@6.0.0,^6.0.0
babel-core@6.0.0,babel-generator@6.0.0,^6.0.0
babel-core@6.0.0,babel-helpers@6.0.0,^6.0.0
babel-core@6.0.0,babel-messages@6.0.0,^6.0.0
babel-core@6.0.0,babel-template@6.0.2,^6.0.0
babel-core@6.0.0,babel-runtime@6.0.2,^6.0.0
babel-core@6.0.0,babel-traverse@6.0.2,^6.0.0
babel-core@6.0.0,babel-types@6.0.2,^6.0.0
babel-core@6.0.0,babylon@6.0.2,^6.0.0
babel-core@6.0.0,convert-source-map@1.0.0,^1.1.0
babel-core@6.0.0,debug@2.0.0,^2.1.1
babel-core@6.0.0,esutils@2.0.0,^2.0.0
minimatch@2.0.0,brace-expansion@1.0.0,^1.0.0
source-map-support@0.1.0,source-map@0.0.0,0.1.8
home-or-tmp@1.0.0,os-tmpdir@1.0.0,^1.0.1
home-or-tmp@1.0.0,user-home@1.0.0,^1.1.1
recast@0.1.0,esprima@1.0.0,= 1.0.0
recast@0.1.0,whiskey@0.4.2,0.6.x
ast-types@0.1.1,whiskey@0.4.2,0.6.x
mocha@1.0.0,diff@1.0.0,1.0.2
mocha@1.0.0,jade@0.0.1,0.20.3
mocha@1.0.0,debug@2.2.0,*
mocha@1.0.0,growl@1.5.0,1.5.x
mocha@1.0.0,commander@2.4.0,0.5.x
browserify@2.0.0,through@2.0.0,~2.2.0
browserify@2.0.0,duplexer@0.0.1,~0.0.2
browserify@2.0.0,inherits@1.0.0,~1.0.0
browserify@2.0.0,optimist@0.0.1,~0.3.5
browserify@2.0.0,JSONStream@0.0.0,~0.4.3
browserify@2.0.0,module-deps@0.0.0,~0.2.1
browserify@2.0.0,browser-pack@0.0.0,~0.2.1
browserify@2.0.0,syntax-error@0.0.0,~0.0.0
browserify@2.0.0,browser-resolve@0.0.0,~0.0.2
browserify@2.0.0,insert-module-globals@0.0.1,~0.1.0
regenerator@0.1.0,esprima@1.0.2,git://github.com/ariya/esprima.git#harmony
regenerator@0.1.0,ast-types@0.1.1,~0.3.0
regenerator@0.1.0,recast@0.1.0,~0.4.23
regenerator@0.1.0,private@0.0.1,~0.0.5
regenerator@0.1.0,mocha@1.0.0,~1.13.0
regenerator@0.1.0,semver@2.0.1,~2.1.0
regenerator@0.1.0,browserify@2.0.0,~2.33.0
babel-core@6.0.0,home-or-tmp@1.0.0,^1.0.0
babel-core@6.0.0,json5@0.0.0,^0.4.0
babel-core@6.0.0,lodash@3.0.0,^3.10.0
babel-core@6.0.0,minimatch@2.0.0,^2.0.3
babel-core@6.0.0,path-exists@1.0.0,^1.0.0
babel-core@6.0.0,path-is-absolute@1.0.0,^1.0.0
babel-core@6.0.0,private@0.0.1,^0.1.6
babel-core@6.0.0,regenerator@0.1.0,0.8.35
babel-core@6.0.0,shebang-regex@1.0.0,^1.0.0
babel-core@6.0.0,slash@1.0.0,^1.0.0
babel-core@6.0.0,source-map@0.0.0,^0.4.0
babel-core@6.0.0,source-map-support@0.1.0,^0.2.10
jest-runtime@21.0.0,chalk@2.0.0,^2.0.1
jest-runtime@21.0.0,slash@1.0.0,^1.0.0
jest-runtime@21.0.0,yargs@7.0.0,^7.0.2
jest-runtime@21.0.0,jest-util@21.0.0,^21.0.0
jest-runtime@21.0.0,strip-bom@3.0.0,3.0.0
jest-runtime@21.0.0,babel-core@6.0.0,^6.0.0
jest-runtime@21.0.0,babel-jest@21.0.0,^21.0.0
jest-runtime@21.0.0,micromatch@2.0.0,^2.3.11
jest-runtime@21.0.0,graceful-fs@4.1.0,^4.1.11
jest-runtime@21.0.0,jest-config@21.0.0,^21.0.0
jest-runtime@21.0.0,jest-resolve@21.0.0,^21.0.0
jest-runtime@21.0.0,jest-haste-map@21.0.0,^21.0.0
json-stable-stringify@1.0.0,jsonify@0.0.0,~0.0.0
write-file-atomic@2.0.0,slide@1.0.0,^1.1.5
write-file-atomic@2.0.0,graceful-fs@4.1.0,^4.1.11
write-file-atomic@2.0.0,imurmurhash@0.0.1,^0.1.4
jest-runtime@21.0.0,jest-regex-util@21.0.0,^21.0.0
jest-runtime@21.0.0,write-file-atomic@2.0.0,^2.1.0
jest-runtime@21.0.0,convert-source-map@1.0.0,^1.4.0
jest-runtime@21.0.0,babel-plugin-istanbul@4.0.0,^4.0.0
jest-runtime@21.0.0,json-stable-stringify@1.0.0,^1.0.1
jest-cli@21.0.0,jest-runner@21.0.0,^21.0.0
jest-cli@21.0.0,worker-farm@1.0.0,^1.3.1
jest-cli@21.0.0,ansi-escapes@2.0.0,^2.0.0
jest-cli@21.0.0,istanbul-api@1.1.0,^1.1.1
jest-cli@21.0.0,jest-runtime@21.0.0,^21.0.0
jest-cli@21.0.0,jest-snapshot@21.0.0,^21.0.0
jest-cli@21.0.0,node-notifier@5.0.0,^5.0.2
jest-cli@21.0.0,string-length@1.0.0,^1.0.1
jest-cli@21.0.0,jest-haste-map@21.0.0,^21.0.0
jest-cli@21.0.0,jest-regex-util@21.0.0,^21.0.0
jest-cli@21.0.0,jest-message-util@21.0.0,^21.0.0
jest-cli@21.0.0,jest-changed-files@21.0.0,^21.0.0
jest-resolve-dependencies@21.0.0,jest-regex-util@21.0.0,^21.0.0
jest-cli@21.0.0,istanbul-lib-coverage@1.0.0,^1.0.1
jest-cli@21.0.0,jest-environment-jsdom@21.0.0,^21.0.0
jest-cli@21.0.0,istanbul-lib-instrument@1.1.0,^1.4.2
jest-cli@21.0.0,istanbul-lib-source-maps@1.0.0,^1.1.0
jest-cli@21.0.0,jest-resolve-dependencies@21.0.0,^21.0.0
jest@21.0.1,jest-cli@21.0.0,^21.0.1
acorn-jsx@2.0.0,acorn@2.0.0,^2.0.1
espree@3.0.0,acorn@2.0.0,^2.7.0
espree@3.0.0,acorn-jsx@2.0.0,^2.0.1
type-check@0.1.0,prelude-ls@1.0.0,~1.0.3
levn@0.1.0,prelude-ls@1.0.0,~1.0.3
levn@0.1.0,type-check@0.1.0,~0.2.0
esrecurse@3.0.0,estraverse@3.0.0,~3.0.0
d@0.1.0,es5-ext@0.1.0,~0.9.2
es6-iterator@0.0.0,d@0.1.1,git://github.com/medikoo/d.git
es6-iterator@0.0.0,es5-ext@0.10.11,git://github.com/medikoo/es5-ext.git
es6-symbol@0.0.0,d@0.1.1,git://github.com/medikoo/d.git
es6-symbol@0.0.0,es5-ext@0.10.11,git://github.com/medikoo/es5-ext.git
d@0.1.1,es5-ext@0.1.0,~0.10.2
es6-symbol@3.0.0,d@0.1.0,~0.1.1
es6-symbol@3.0.0,es5-ext@0.1.0,~0.10.7
es5-ext@0.10.11,es6-iterator@0.1.2,2
es5-ext@0.10.11,es6-symbol@3.0.0,~3.0.2
es6-iterator@0.1.2,d@0.1.0,~0.1.1
es6-iterator@0.1.2,es5-ext@0.1.0,~0.10.4
es6-iterator@0.1.2,es6-symbol@0.0.0,~0.1.1
ansi-slice@1.0.0,ansi-regex@2.0.0,^2.0.0
ansi-slice@1.0.0,splice-string@1.0.0,^1.0.0
ansi-slice@1.0.0,strip-ansi@3.0.0,^3.0.0
table@3.0.1,tv4@1.0.0,^1.2.7
table@3.0.1,chalk@1.0.0,^1.1.1
table@3.0.1,lodash@3.0.0,^3.10.1
table@3.0.1,xregexp@3.0.0,^3.0.0
table@3.0.1,bluebird@2.0.2,^2.10.2
table@3.0.1,ansi-slice@1.0.0,^1.2.0
table@3.0.1,strip-ansi@3.0.0,^3.0.0
table@3.0.1,string-width@1.0.0,^1.0.1
event-emitter@0.1.5,es5-ext@0.10.11,0.8.x
event-emitter@0.1.0,es5-ext@0.10.11,0.6.x
es6-set@0.1.1,d@0.1.0,~0.1.1
es6-set@0.1.1,es5-ext@0.1.0,~0.10.4
es6-set@0.1.1,es6-iterator@0.0.0,~0.1.1
es6-set@0.1.1,es6-symbol@0.0.0,~0.1.1
es6-set@0.1.1,event-emitter@0.1.0,~0.3.1
es6-map@0.0.0,d@0.1.1,git://github.com/medikoo/d.git
es6-map@0.0.0,es5-ext@0.10.11,git://github.com/medikoo/es5-ext.git
es6-map@0.0.0,es6-iterator@0.1.2,git://github.com/medikoo/es6-iterator.git
es6-map@0.0.0,es6-set@0.1.1,git://github.com/medikoo/es6-set.git
es6-map@0.0.0,event-emitter@0.1.5,git://github.com/medikoo/event-emitter.git
microtime-x@0.2.0,microtime@0.1.0,~0.5.1
time-uuid@0.2.0,microtime-x@0.2.0,0.2.x
es6-weak-map@0.0.0,d@0.1.1,git://github.com/medikoo/d.git
es6-weak-map@0.0.0,es5-ext@0.10.11,git://github.com/medikoo/es5-ext.git
es6-weak-map@0.0.0,es6-iterator@0.1.2,git://github.com/medikoo/es6-iterator.git
es6-weak-map@0.0.0,time-uuid@0.2.0,git://github.com/medikoo/time-uuid.git
escope@3.0.0,es6-map@0.0.0,^0.1.1
escope@3.0.0,es6-weak-map@0.0.0,^0.1.2
escope@3.0.0,esrecurse@3.0.0,^3.0.0
escope@3.0.0,estraverse@3.0.0,^3.0.0
eslint@3.13.1,glob@7.0.0,^7.0.3
eslint@3.13.1,levn@0.1.0,^0.3.0
eslint@3.13.1,chalk@1.0.0,^1.1.3
eslint@3.13.1,debug@2.0.0,^2.1.1
eslint@3.13.1,table@3.0.1,^3.7.8
eslint@3.13.1,escope@3.0.0,^3.6.0
eslint@3.13.1,espree@3.0.0,^3.3.1
eslint@3.13.1,ignore@3.0.0,^3.2.0
eslint@3.13.1,lodash@4.0.0,^4.0.0
eslint@3.13.1,mkdirp@0.0.1,^0.5.0
eslint@3.13.1,esutils@2.0.0,^2.0.2
eslint@3.13.1,globals@9.0.0,^9.14.0
user-home@2.0.0,os-homedir@1.0.0,^1.0.0
doctrine@1.0.0,esutils@1.0.0,^1.1.6
doctrine@1.0.0,isarray@0.0.0,0.0.1
optionator@0.1.0,prelude-ls@1.0.0,~1.0.3
optionator@0.1.0,deep-is@0.1.0,~0.1.2
optionator@0.1.0,wordwrap@0.0.1,~0.0.2
optionator@0.1.0,type-check@0.1.0,~0.3.0
optionator@0.1.0,levn@0.1.0,~0.2.0
optionator@0.1.0,levenshtein-damerau@0.1.0,~0.1.0
inquirer@0.1.0,async@0.1.0,~0.2.8
inquirer@0.1.0,charm@0.0.0,~0.1.2
inquirer@0.1.0,lodash@1.0.0,~1.2.1
eslint@3.13.1,js-yaml@3.0.0,^3.5.1
eslint@3.13.1,shelljs@0.0.1,^0.7.5
eslint@3.13.1,doctrine@1.0.0,^1.2.2
eslint@3.13.1,inquirer@0.1.0,^0.12.0
eslint@3.13.1,progress@1.0.0,^1.1.8
eslint@3.13.1,pluralize@1.0.0,^1.2.1
eslint@3.13.1,strip-bom@3.0.0,^3.0.0
eslint@3.13.1,user-home@2.0.0,^2.0.0
eslint@3.13.1,estraverse@4.0.0,^4.2.0
eslint@3.13.1,optionator@0.1.0,^0.8.2
eslint@3.13.1,text-table@0.0.0,~0.2.0
eslint@3.13.1,imurmurhash@0.0.1,^0.1.4
caller-path@0.1.0,callsites@0.1.0,^0.2.0
require-uncached@1.0.2,caller-path@0.1.0,^0.1.0
require-uncached@1.0.2,resolve-from@1.0.0,^1.0.0
is-my-json-valid@2.0.0,generate-function@2.0.0,^2.0.0
is-my-json-valid@2.0.0,generate-object-property@1.0.0,^1.1.0
is-my-json-valid@2.0.0,jsonpointer@1.0.0,^1.1.0
is-resolvable@1.0.0,tryit@1.0.0,^1.0.1
write@0.1.1,mkdirp@0.0.1,^0.5.0
flat-cache@1.0.0,write@0.1.1,^0.1.1
flat-cache@1.0.0,graceful-fs@3.0.0,^3.0.5
flat-cache@1.0.0,read-json-sync@1.0.0,^1.1.0
file-entry-cache@2.0.0,flat-cache@1.0.0,^1.2.1
file-entry-cache@2.0.0,object-assign@4.0.0,^4.0.1
eslint@3.13.1,concat-stream@1.0.0,^1.4.6
eslint@3.13.1,is-resolvable@1.0.0,^1.0.0
eslint@3.13.1,path-is-inside@1.0.0,^1.0.1
eslint@3.13.1,natural-compare@1.2.2,^1.4.0
eslint@3.13.1,babel-code-frame@6.0.0,^6.16.0
eslint@3.13.1,file-entry-cache@2.0.0,^2.0.0
eslint@3.13.1,is-my-json-valid@2.0.0,^2.10.0
eslint@3.13.1,require-uncached@1.0.2,^1.0.2
eslint@3.13.1,strip-json-comments@2.0.0,~2.0.1
eslint@3.13.1,json-stable-stringify@1.0.0,^1.0.0
eslint@3.0.0,glob@7.0.0,^7.0.3
eslint@3.0.0,levn@0.1.0,^0.3.0
eslint@3.0.0,chalk@1.0.0,^1.1.3
eslint@3.0.0,debug@2.0.0,^2.1.1
eslint@3.0.0,table@3.0.1,^3.7.8
eslint@3.0.0,escope@3.0.0,^3.6.0
eslint@3.0.0,espree@3.0.0,^3.1.6
eslint@3.0.0,ignore@3.0.0,^3.1.2
eslint@3.0.0,lodash@4.0.0,^4.0.0
eslint@3.0.0,mkdirp@0.0.1,^0.5.0
eslint@3.0.0,es6-map@0.0.0,^0.1.3
eslint@3.0.0,esutils@2.0.0,^2.0.2
string-width@2.0.0,strip-ansi@3.0.0,^3.0.0
string-width@2.0.0,is-fullwidth-code-point@2.0.0,^2.0.0
babel-preset-jest@20.0.0,babel-plugin-jest-hoist@20.0.0,^20.0.0
jest-message-util@20.0.0,chalk@1.0.0,^1.1.3
jest-message-util@20.0.0,slash@1.0.0,^1.0.0
jest-message-util@20.0.0,micromatch@2.0.0,^2.3.11
jest-resolve@20.0.0,resolve@1.0.0,^1.3.2
jest-resolve@20.0.0,browser-resolve@1.0.0,^1.11.2
jest-resolve@20.0.0,is-builtin-module@1.0.0,^1.0.0
pretty-format@20.0.0,ansi-styles@3.0.0,^3.0.0
jest-environment-node@20.0.0,jest-mock@20.0.0,^20.0.0
jest-environment-node@20.0.0,jest-util@20.0.0,^20.0.0
jest-environment-jsdom@20.0.0,jsdom@9.0.0,^9.12.0
jest-environment-jsdom@20.0.0,jest-mock@20.0.0,^20.0.0
jest-environment-jsdom@20.0.0,jest-util@20.0.0,^20.0.0
jest-matcher-utils@20.0.0,chalk@1.0.0,^1.1.3
jest-matcher-utils@20.0.0,pretty-format@20.0.0,^20.0.0
jest-diff@20.0.0,diff@3.0.0,^3.2.0
jest-diff@20.0.0,chalk@1.0.0,^1.1.3
jest-diff@20.0.0,pretty-format@20.0.0,^20.0.0
jest-diff@20.0.0,jest-matcher-utils@20.0.0,^20.0.0
jest-snapshot@20.0.0,chalk@1.0.0,^1.1.3
jest-snapshot@20.0.0,jest-diff@20.0.0,^20.0.0
jest-snapshot@20.0.0,jest-util@20.0.0,^20.0.0
jest-snapshot@20.0.0,pretty-format@20.0.0,^20.0.0
jest-snapshot@20.0.0,natural-compare@1.2.2,^1.4.0
jest-snapshot@20.0.0,jest-matcher-utils@20.0.0,^20.0.0
eslint@3.0.0,globals@9.0.0,^9.2.0
eslint@3.0.0,js-yaml@3.0.0,^3.5.1
eslint@3.0.0,shelljs@0.0.1,^0.6.0
eslint@3.0.0,doctrine@1.0.0,^1.2.2
eslint@3.0.0,inquirer@0.1.0,^0.12.0
eslint@3.0.0,progress@1.0.0,^1.1.8
eslint@3.0.0,pluralize@1.0.0,^1.2.1
eslint@3.0.0,user-home@2.0.0,^2.0.0
eslint@3.0.0,estraverse@4.0.0,^4.2.0
eslint@3.0.0,optionator@0.1.0,^0.8.1
eslint@3.0.0,text-table@0.0.0,~0.2.0
eslint@3.0.0,imurmurhash@0.0.1,^0.1.4
babel-jest@20.0.0,babel-core@6.0.0,^6.0.0
babel-jest@20.0.0,babel-preset-jest@20.0.0,^20.0.0
babel-jest@20.0.0,babel-plugin-istanbul@4.0.0,^4.0.0
jest-validate@20.0.0,chalk@1.0.0,^1.1.3
jest-validate@20.0.0,leven@2.0.0,^2.1.0
jest-validate@20.0.0,pretty-format@20.0.0,^20.0.0
jest-validate@20.0.0,jest-matcher-utils@20.0.0,^20.0.0
jest-util@20.0.0,chalk@1.0.0,^1.1.3
jest-util@20.0.0,leven@2.0.0,^2.1.0
jest-util@20.0.0,mkdirp@0.0.1,^0.5.1
jest-util@20.0.0,jest-mock@20.0.0,^20.0.0
jest-util@20.0.0,graceful-fs@4.1.0,^4.1.11
jest-util@20.0.0,jest-validate@20.0.0,^20.0.0
jest-util@20.0.0,jest-message-util@20.0.0,^20.0.0
figures@2.0.0,escape-string-regexp@1.0.0,^1.0.5
minimatch@0.0.1,lru-cache@1.0.1,~1.0.2
glob-parent@1.0.0,is-glob@0.1.0,^0.3.0
is-binary-path@1.0.0,binary-extensions@1.0.0,^1.0.0
ajv@4.0.0,co@4.0.0,^4.6.0
ajv@4.0.0,json-stable-stringify@1.0.0,^1.0.1
onetime@2.0.0,mimic-fn@1.0.0,^1.0.0
restore-cursor@2.0.0,onetime@2.0.0,^2.0.0
restore-cursor@2.0.0,signal-exit@3.0.0,^3.0.2
cli-cursor@2.0.0,restore-cursor@2.0.0,^2.0.0
run-async@2.0.0,once@1.1.1,^1.3.0
run-async@2.0.0,is-promise@2.0.0,^2.1.0
run-async@2.0.0,promise-resolver@1.0.0,^1.0.0
jsonfile@3.0.0,graceful-fs@4.1.0,^4.1.6
fs-extra@3.0.0,jsonfile@3.0.0,^3.0.0
fs-extra@3.0.0,graceful-fs@4.1.0,^4.1.2
fs-extra@3.0.0,universalify@0.0.1,^0.1.0
jest-matchers@20.0.0,jest-diff@20.0.0,^20.0.0
jest-matchers@20.0.0,jest-matcher-utils@20.0.0,^20.0.0
jest-matchers@20.0.0,jest-message-util@20.0.0,^20.0.0
jest-matchers@20.0.0,jest-regex-util@20.0.0,^20.0.0
jest-jasmine2@20.0.0,once@1.1.1,^1.4.0
jest-jasmine2@20.0.0,chalk@1.0.0,^1.1.3
jest-jasmine2@20.0.0,p-map@1.0.0,^1.1.1
jest-jasmine2@20.0.0,jest-diff@20.0.0,^20.0.0
jest-jasmine2@20.0.0,graceful-fs@4.1.0,^4.1.11
jest-jasmine2@20.0.0,jest-matchers@20.0.0,^20.0.0
jest-jasmine2@20.0.0,jest-snapshot@20.0.0,^20.0.0
jest-jasmine2@20.0.0,jest-message-util@20.0.0,^20.0.0
jest-jasmine2@20.0.0,jest-matcher-utils@20.0.0,^20.0.0
jest-config@20.0.0,glob@7.0.0,^7.1.1
jest-config@20.0.0,chalk@1.0.0,^1.1.3
jest-config@20.0.0,jest-resolve@20.0.0,^20.0.0
jest-config@20.0.0,jest-jasmine2@20.0.0,^20.0.0
jest-config@20.0.0,jest-validate@20.0.0,^20.0.0
jest-config@20.0.0,pretty-format@20.0.0,^20.0.0
jest-config@20.0.0,jest-regex-util@20.0.0,^20.0.0
jest-config@20.0.0,jest-environment-node@20.0.0,^20.0.0
jest-config@20.0.0,jest-environment-jsdom@20.0.0,^20.0.0
jest-cli@20.0.0,pify@2.0.0,^2.3.0
jest-cli@20.0.0,chalk@1.0.0,^1.1.3
jest-cli@20.0.0,is-ci@1.0.0,^1.0.10
jest-cli@20.0.0,slash@1.0.0,^1.0.0
jest-cli@20.0.0,which@1.0.0,^1.2.12
jest-cli@20.0.0,yargs@7.0.0,^7.0.2
jest-cli@20.0.0,throat@3.0.0,^3.0.0
jest-cli@20.0.0,callsites@2.0.0,^2.0.0
jest-cli@20.0.0,jest-util@20.0.0,^20.0.0
jest-cli@20.0.0,micromatch@2.0.0,^2.3.11
jest-cli@20.0.0,graceful-fs@4.1.0,^4.1.11
jest-cli@20.0.0,jest-config@20.0.0,^20.0.0
jest-runtime@20.0.0,chalk@1.0.0,^1.1.3
jest-runtime@20.0.0,yargs@7.0.0,^7.0.2
jest-runtime@20.0.0,jest-util@20.0.0,^20.0.0
jest-runtime@20.0.0,strip-bom@3.0.0,3.0.0
jest-runtime@20.0.0,babel-core@6.0.0,^6.0.0
jest-runtime@20.0.0,babel-jest@20.0.0,^20.0.0
jest-runtime@20.0.0,micromatch@2.0.0,^2.3.11
jest-runtime@20.0.0,graceful-fs@4.1.0,^4.1.11
jest-runtime@20.0.0,jest-config@20.0.0,^20.0.0
jest-runtime@20.0.0,jest-resolve@20.0.0,^20.0.0
jest-runtime@20.0.0,jest-haste-map@20.0.0,^20.0.0
jest-runtime@20.0.0,jest-regex-util@20.0.0,^20.0.0
jest-runtime@20.0.0,convert-source-map@1.0.0,^1.4.0
jest-runtime@20.0.0,babel-plugin-istanbul@4.0.0,^4.0.0
jest-runtime@20.0.0,json-stable-stringify@1.0.0,^1.0.1
inquirer@3.0.0,rx@4.0.0,^4.1.0
inquirer@3.0.0,chalk@1.0.0,^1.0.0
inquirer@3.0.0,lodash@4.0.0,^4.3.0
inquirer@3.0.0,figures@2.0.0,^2.0.0
inquirer@3.0.0,through@2.0.0,^2.3.6
inquirer@3.0.0,cli-width@2.0.0,^2.0.0
inquirer@3.0.0,run-async@2.0.0,^2.2.0
inquirer@3.0.0,cli-cursor@2.0.0,^2.1.0
inquirer@3.0.0,strip-ansi@3.0.0,^3.0.0
inquirer@3.0.0,mute-stream@0.0.1,0.0.7
inquirer@3.0.0,ansi-escapes@1.0.0,^1.1.0
inquirer@3.0.0,string-width@2.0.0,^2.0.0
lodash.assign@4.0.0,lodash.keys@4.0.0,^4.0.0
lodash.assign@4.0.0,lodash.rest@4.0.0,^4.0.0
yargs-parser@4.0.0,camelcase@3.0.0,^3.0.0
yargs-parser@4.0.0,lodash.assign@4.0.0,^4.1.0
yargs@6.0.0,y18n@3.0.0,^3.2.1
yargs@6.0.0,cliui@3.0.0,^3.2.0
yargs@6.0.0,os-locale@1.0.0,^1.4.0
yargs@6.0.0,decamelize@1.0.0,^1.1.1
yargs@6.0.0,read-pkg-up@1.0.1,^1.0.1
yargs@6.0.0,window-size@0.1.0,^0.2.0
yargs@6.0.0,set-blocking@2.0.0,^2.0.0
yargs@6.0.0,string-width@1.0.0,^1.0.2
yargs@6.0.0,which-module@1.0.0,^1.0.0
yargs@6.0.0,yargs-parser@4.0.0,^4.0.2
yargs@6.0.0,get-caller-file@1.0.0,^1.0.1
yargs@6.0.0,require-directory@2.0.0,^2.1.1
yargs@6.0.0,require-main-filename@1.0.0,^1.0.1
css-loader@0.1.0,csso@1.3.10,1.2.x
readdirp@1.0.0,minimatch@0.0.1,~0.2.12
readdirp@1.0.0,graceful-fs@2.0.0,~2.0.0
readdirp@1.0.0,readable-stream@1.0.0,~1.0.26-2
chokidar@1.0.0,arrify@1.0.0,^1.0.0
chokidar@1.0.0,is-glob@1.0.0,^1.1.3
chokidar@1.0.0,anymatch@1.0.0,^1.1.0
chokidar@1.0.0,fsevents@0.1.1,^0.3.1
chokidar@1.0.0,readdirp@1.0.0,^1.3.0
chokidar@1.0.0,async-each@0.1.0,^0.1.5
chokidar@1.0.0,glob-parent@1.0.0,^1.0.0
chokidar@1.0.0,is-binary-path@1.0.0,^1.0.0
watchpack@1.0.0,async@0.1.0,^0.9.0
watchpack@1.0.0,chokidar@1.0.0,^1.0.0
watchpack@1.0.0,graceful-fs@4.1.0,^4.1.2
webpack@2.2.0,ajv@4.0.0,^4.7.0
webpack@2.2.0,acorn@4.0.0,^4.0.4
webpack@2.2.0,async@2.0.0,^2.1.2
webpack@2.2.0,yargs@6.0.0,^6.0.0
webpack@2.2.0,mkdirp@0.0.1,~0.5.0
webpack@2.2.0,tapable@0.1.0,~0.2.5
webpack@2.2.0,interpret@1.0.0,^1.0.0
webpack@2.2.0,memory-fs@0.1.0,~0.4.1
webpack@2.2.0,uglify-js@2.2.0,^2.7.5
webpack@2.2.0,watchpack@1.0.0,^1.2.0
webpack@2.2.0,source-map@0.0.0,^0.5.3
webpack@2.2.0,json-loader@0.1.0,^0.5.4
enhanced-resolve@3.0.0,tapable@0.1.0,^0.2.5
enhanced-resolve@3.0.0,memory-fs@0.1.0,^0.4.0
enhanced-resolve@3.0.0,graceful-fs@4.1.0,^4.1.2
enhanced-resolve@3.0.0,object-assign@4.0.0,^4.0.1
acorn-dynamic-import@2.0.0,acorn@4.0.0,^4.0.3
acorn-dynamic-import@2.0.0,in-publish@2.0.0,^2.0.0
webpack-sources@0.1.0,source-map@0.0.0,~0.5.3
webpack-sources@0.1.0,source-list-map@0.1.0,~0.1.0
buffer@4.0.0,base64-js@0.0.1,0.0.8
buffer@4.0.0,ieee754@1.0.0,^1.1.4
buffer@4.0.0,isarray@1.0.0,^1.0.0
promise@7.0.0,asap@2.0.0,~2.0.1
tmp@0.0.1,underscore@1.0.3,~1.1.7
external-editor@2.0.0,extend@3.0.0,^3.0.0
external-editor@2.0.0,tmp@0.0.1,^0.0.31
inquirer@3.0.0,external-editor@2.0.0,^2.0.1
fb-watchman@0.0.0,nextback@0.0.1,~0.1.0
fb-watchman@0.0.0,json-stream@0.0.0,0.2.2
sane@1.0.0,fb-watchman@0.0.0,0.0.0
sane@1.0.0,minimatch@0.0.1,~0.2.14
sane@1.0.0,walker@1.0.0,~1.0.5
sane@1.0.0,watch@0.1.0,~0.10.0
jest-haste-map@20.0.0,sane@1.0.0,~1.6.0
jest-haste-map@20.0.0,micromatch@2.0.0,^2.3.11
jest-haste-map@20.0.0,fb-watchman@2.0.0,^2.0.0
jest-haste-map@20.0.0,graceful-fs@4.1.0,^4.1.11
jest-haste-map@20.0.0,worker-farm@1.0.0,^1.3.1
jest-haste-map@20.0.0,jest-docblock@20.0.0,^20.0.0
jest-cli@20.0.0,worker-farm@1.0.0,^1.3.1
jest-cli@20.0.0,ansi-escapes@1.0.0,^1.4.0
jest-cli@20.0.0,istanbul-api@1.1.0,^1.1.1
jest-cli@20.0.0,jest-runtime@20.0.0,^20.0.0
jest-cli@20.0.0,jest-docblock@20.0.0,^20.0.0
jest-cli@20.0.0,jest-jasmine2@20.0.0,^20.0.0
jest-cli@20.0.0,jest-snapshot@20.0.0,^20.0.0
jest-cli@20.0.0,node-notifier@5.0.0,^5.0.2
jest-cli@20.0.0,string-length@1.0.0,^1.0.1
jest-cli@20.0.0,jest-haste-map@20.0.0,^20.0.0
jest-cli@20.0.0,jest-regex-util@20.0.0,^20.0.0
jest-cli@20.0.0,jest-message-util@20.0.0,^20.0.0
jest-resolve-dependencies@20.0.0,jest-regex-util@20.0.0,^20.0.0
jest-cli@20.0.0,jest-changed-files@20.0.0,^20.0.0
jest-cli@20.0.0,istanbul-lib-coverage@1.0.0,^1.0.1
jest-cli@20.0.0,jest-environment-jsdom@20.0.0,^20.0.0
jest-cli@20.0.0,istanbul-lib-instrument@1.1.0,^1.4.2
jest-cli@20.0.0,istanbul-lib-source-maps@1.0.0,^1.1.0
jest-cli@20.0.0,jest-resolve-dependencies@20.0.0,^20.0.0
jest@20.0.0,jest-cli@20.0.0,^20.0.0
lodash._createassigner@3.0.0,lodash._bindcallback@3.0.0,^3.0.0
lodash._createassigner@3.0.0,lodash._isiterateecall@3.0.0,^3.0.0
lodash.keys@3.0.0,lodash.isarguments@3.0.0,^3.0.0
lodash.keys@3.0.0,lodash.isarray@3.0.0,^3.0.0
lodash.keys@3.0.0,lodash.isnative@3.0.0,^3.0.0
lodash.keys@3.0.0,lodash.support@3.0.0,^3.0.0
lodash._baseassign@3.0.0,lodash._basecopy@3.0.0,^3.0.0
lodash._baseassign@3.0.0,lodash.keys@3.0.0,^3.0.0
lodash.assign@3.0.0,lodash._baseassign@3.0.0,^3.0.0
lodash.assign@3.0.0,lodash._createassigner@3.0.0,^3.0.0
file-entry-cache@1.0.0,flat-cache@1.0.0,^1.0.3
file-entry-cache@1.0.0,lodash.assign@3.0.0,^3.0.0
eslint@3.0.0,concat-stream@1.0.0,^1.4.6
eslint@3.0.0,is-resolvable@1.0.0,^1.0.0
eslint@3.0.0,path-is-inside@1.0.0,^1.0.1
eslint@3.0.0,file-entry-cache@1.0.0,^1.1.1
eslint@3.0.0,is-my-json-valid@2.0.0,^2.10.0
eslint@3.0.0,path-is-absolute@1.0.0,^1.0.0
eslint@3.0.0,require-uncached@1.0.2,^1.0.2
eslint@3.0.0,strip-json-comments@1.0.0,~1.0.1
eslint@3.0.0,json-stable-stringify@1.0.0,^1.0.0
assert@1.0.0,util@0.4.9,0.10.0
stream-http@2.0.0,builtin-status-codes@1.0.0,^1.0.0
stream-http@2.0.0,inherits@2.0.0,^2.0.1
stream-http@2.0.0,xtend@4.0.0,^4.0.0
url@0.4.9,querystring@0.0.1,>= 0.0.0
util@0.4.9,events.node@0.4.9,>= 0.4.0
node-libs-browser@2.0.0,url@0.4.9,^0.11.0
node-libs-browser@2.0.0,util@0.4.9,^0.10.3
node-libs-browser@2.0.0,assert@1.0.0,^1.1.1
node-libs-browser@2.0.0,buffer@4.0.0,^4.3.0
node-libs-browser@2.0.0,events@1.0.0,^1.0.0
node-libs-browser@2.0.0,process@0.4.9,^0.11.0
node-libs-browser@2.0.0,punycode@1.0.0,^1.2.4
node-libs-browser@2.0.0,stream-http@2.0.0,^2.3.1
node-libs-browser@2.0.0,os-browserify@0.1.0,^0.2.0
node-libs-browser@2.0.0,vm-browserify@0.0.0,0.0.4
node-libs-browser@2.0.0,domain-browser@1.0.0,^1.1.1
node-libs-browser@2.0.0,string_decoder@0.0.0,^0.10.25
stream-browserify@2.0.0,inherits@2.0.0,~2.0.1
stream-browserify@2.0.0,readable-stream@2.0.0,^2.0.1
readable-stream@2.0.0,isarray@0.0.0,0.0.1
readable-stream@2.0.0,inherits@2.0.0,~2.0.1
readable-stream@2.0.0,core-util-is@1.0.0,~1.0.0
readable-stream@2.0.0,string_decoder@0.10.31,~0.10.x
readable-stream@2.0.0,util-deprecate@1.0.0,~1.0.1
readable-stream@2.0.0,process-nextick-args@1.0.0,~1.0.0
ripemd160@0.1.0,convert-hex@0.1.0,~0.1.0
ripemd160@0.1.0,convert-string@0.1.0,~0.1.0
native-buffer-browserify@2.0.0,base64-js@1.0.1,feross/base64-js
native-buffer-browserify@2.0.0,ieee754@1.0.0,~1.1.1
sha.js@2.0.0,native-buffer-browserify@2.0.0,~2.0.8
crypto-browserify@3.0.0,sha.js@2.0.0,2.1.6
crypto-browserify@3.0.0,ripemd160@0.1.0,0.2.0
browserify-zlib@0.1.0,pako@0.0.0,~0.1.1
timers-browserify@2.0.0,setimmediate@1.0.0,^1.0.4
node-libs-browser@2.0.0,tty-browserify@0.0.0,0.0.0
node-libs-browser@2.0.0,browserify-zlib@0.1.0,^0.1.4
node-libs-browser@2.0.0,path-browserify@0.0.0,0.0.0
node-libs-browser@2.0.0,querystring-es3@0.2.0,^0.2.0
node-libs-browser@2.0.0,readable-stream@2.0.0,^2.0.5
node-libs-browser@2.0.0,https-browserify@0.0.0,0.0.1
node-libs-browser@2.0.0,crypto-browserify@3.0.0,^3.11.0
node-libs-browser@2.0.0,stream-browserify@2.0.0,^2.0.1
node-libs-browser@2.0.0,timers-browserify@2.0.0,^2.0.2
node-libs-browser@2.0.0,console-browserify@1.0.1,^1.1.0
node-libs-browser@2.0.0,constants-browserify@1.0.0,^1.0.0
webpack@2.2.0,ajv-keywords@1.0.0,^1.1.1
webpack@2.2.0,loader-utils@0.1.0,^0.2.16
webpack@2.2.0,loader-runner@2.0.0,^2.2.0
webpack@2.2.0,supports-color@3.0.0,^3.1.0
webpack@2.2.0,webpack-sources@0.1.0,^0.1.4
webpack@2.2.0,enhanced-resolve@3.0.0,^3.0.0
webpack@2.2.0,node-libs-browser@2.0.0,^2.0.0
webpack@2.2.0,acorn-dynamic-import@2.0.0,^2.0.0
react-scripts@1.0.1,jest@20.0.0,20.0.3
react-scripts@1.0.1,chalk@1.0.0,1.1.3
react-scripts@1.0.1,dotenv@4.0.0,4.0.0
react-scripts@1.0.1,eslint@3.0.0,3.19.0
react-scripts@1.0.1,promise@7.0.0,7.1.1
react-scripts@1.0.1,webpack@2.2.0,2.5.1
react-scripts@1.0.1,fs-extra@3.0.0,3.0.1
react-scripts@1.0.1,fsevents@1.0.0,1.0.17
react-scripts@1.0.1,inquirer@3.0.0,3.0.6
react-scripts@1.0.1,babel-core@6.0.0,6.24.1
react-scripts@1.0.1,babel-jest@20.0.0,20.0.3
react-scripts@1.0.1,css-loader@0.1.0,0.28.1
postcss@6.0.5,chalk@2.0.0,^2.0.1
postcss@6.0.5,source-map@0.0.0,^0.5.6
postcss@6.0.5,supports-color@4.0.0,^4.1.0
postcss@6.0.0,chalk@1.0.0,^1.1.3
postcss@6.0.0,source-map@0.0.0,^0.5.6
postcss@6.0.0,supports-color@3.0.0,^3.2.3
ajv@6.0.0,fast-deep-equal@1.0.0,^1.0.0
ajv@6.0.0,json-schema-traverse@0.0.1,^0.3.0
ajv@6.0.0,fast-json-stable-stringify@2.0.0,^2.0.0
schema-utils@2.2.0,ajv@6.0.0,^6.10.2
schema-utils@2.2.0,ajv-keywords@3.0.0,^3.4.1
eslint-loader@1.0.0,loader-utils@0.1.0,^0.2.7
eslint-loader@1.0.0,object-assign@3.0.0,^3.0.0
style-loader@0.1.0,raw-loader@0.1.5,0.1.x
lru-cache@4.0.0,yallist@2.0.0,^2.0.0
lru-cache@4.0.0,pseudomap@1.0.0,^1.0.1
cross-spawn@4.0.0,which@1.0.0,^1.2.9
cross-spawn@4.0.0,lru-cache@4.0.0,^4.0.1
loader-utils@0.2.14,json5@0.0.0,^0.5.0
loader-utils@0.2.14,big.js@3.0.0,^3.1.3
loader-utils@0.2.14,emojis-list@1.0.0,^1.0.0
loader-utils@0.2.14,object-assign@4.0.0,^4.0.1
loader-utils@1.0.0,json5@0.0.0,^0.5.0
loader-utils@1.0.0,big.js@3.0.0,^3.1.3
loader-utils@1.0.0,emojis-list@2.0.0,^2.0.0
parent-module@1.0.0,callsites@3.0.0,^3.0.0
import-fresh@3.0.0,resolve-from@4.0.0,^4.0.0
import-fresh@3.0.0,parent-module@1.0.0,^1.0.0
pkg-dir@1.0.0,find-up@1.0.0,^1.0.0
browserslist@2.0.0,caniuse-lite@1.0.30000655,^1.0.30000657
browserslist@2.0.0,electron-to-chromium@1.0.0,^1.3.6
autoprefixer@7.0.0,postcss@6.0.0,^6.0.0
autoprefixer@7.0.0,browserslist@2.0.0,^2.1.2
autoprefixer@7.0.0,caniuse-lite@1.0.30000655,^1.0.30000665
autoprefixer@7.0.0,num2fraction@1.0.0,^1.2.2
autoprefixer@7.0.0,normalize-range@0.1.0,^0.1.2
autoprefixer@7.0.0,postcss-value-parser@3.0.0,^3.2.3
import-from@3.0.0,resolve-from@5.0.0,^5.0.0
import-cwd@3.0.0,import-from@3.0.0,^3.0.0
@babel/code-frame@7.0.0,@babel/highlight@7.0.0,^7.0.0
parse-json@5.0.0,error-ex@1.0.0,^1.3.1
parse-json@5.0.0,@babel/code-frame@7.0.0,^7.0.0
parse-json@5.0.0,lines-and-columns@1.0.0,^1.1.6
parse-json@5.0.0,json-parse-better-errors@1.0.0,^1.0.1
cosmiconfig@7.0.0,yaml@1.0.0,^1.10.0
cosmiconfig@7.0.0,path-type@4.0.0,^4.0.0
cosmiconfig@7.0.0,parse-json@5.0.0,^5.0.0
cosmiconfig@7.0.0,import-fresh@3.0.0,^3.2.1
cosmiconfig@7.0.0,@types/parse-json@4.0.0,^4.0.0
postcss-load-config@3.0.1,import-cwd@3.0.0,^3.0.0
postcss-load-config@3.0.1,cosmiconfig@7.0.0,^7.0.0
postcss-loader@2.0.0,postcss@6.0.5,^6.x
postcss-loader@2.0.0,loader-utils@0.2.14,^1.x
postcss-loader@2.0.0,schema-utils@2.2.0,^0.x
postcss-loader@2.0.0,postcss-load-config@3.0.1,^1.x
common-dir@0.1.0,wodge@0.0.0,^0.8.1
find-cache-dir@0.1.0,mkdirp@0.0.1,^0.5.1
find-cache-dir@0.1.0,pkg-dir@1.0.0,^1.0.0
find-cache-dir@0.1.0,commondir@1.0.0,^1.0.1
find-cache-dir@0.1.0,common-dir@0.1.0,^0.1.4
babel-loader@7.0.0,mkdirp@0.0.1,^0.5.1
babel-loader@7.0.0,loader-utils@1.0.0,^1.0.2
babel-loader@7.0.0,find-cache-dir@0.1.0,^0.1.1
lodash._baseismatch@4.0.0,lodash._baseisequal@4.0.0,^4.0.0
lodash._baseismatch@4.0.0,lodash._stack@4.0.0,^3.0.0
lodash.topairs@4.0.0,lodash._arraymap@3.0.0,^3.0.0
lodash.topairs@4.0.0,lodash.keys@4.0.0,^4.0.0
lodash.hasin@4.0.0,lodash._baseslice@4.0.0,^4.0.0
lodash.hasin@4.0.0,lodash.get@4.0.0,^4.0.0
lodash._stack@4.0.0,lodash._mapcache@4.0.0,^3.0.0
lodash._baseisequal@4.0.0,lodash._stack@4.0.0,^3.0.0
lodash._baseisequal@4.0.0,lodash.keys@4.0.0,^4.0.0
lodash.pickby@4.0.0,lodash._basefor@3.0.0,^3.0.0
lodash.pickby@4.0.0,lodash._baseisequal@4.0.0,^4.0.0
lodash.pickby@4.0.0,lodash._baseismatch@4.0.0,^4.0.0
lodash.pickby@4.0.0,lodash.get@4.0.0,^4.0.0
lodash.pickby@4.0.0,lodash.hasin@4.0.0,^4.0.0
lodash.pickby@4.0.0,lodash.keysin@4.0.0,^4.0.0
lodash.pickby@4.0.0,lodash.topairs@4.0.0,^4.0.0
babel-eslint@7.0.0,babylon@6.0.2,^6.11.2
babel-eslint@7.0.0,babel-types@6.0.2,^6.15.0
babel-eslint@7.0.0,lodash.pickby@4.0.0,^4.6.0
babel-eslint@7.0.0,babel-traverse@6.0.2,^6.15.0
react-scripts@1.0.1,url-loader@0.1.0,0.5.8
react-scripts@1.0.1,cross-spawn@4.0.0,4.0.2
react-scripts@1.0.1,file-loader@0.1.0,0.11.1
react-scripts@1.0.1,autoprefixer@7.0.0,7.1.0
react-scripts@1.0.1,babel-eslint@7.0.0,7.2.3
react-scripts@1.0.1,babel-loader@7.0.0,7.0.0
react-scripts@1.0.1,style-loader@0.1.0,0.17.0
react-scripts@1.0.1,whatwg-fetch@2.0.0,2.0.3
react-scripts@1.0.1,babel-runtime@6.0.2,6.23.0
react-scripts@1.0.1,eslint-loader@1.0.0,1.7.1
react-scripts@1.0.1,object-assign@4.0.0,4.1.1
react-scripts@1.0.1,postcss-loader@2.0.0,2.0.5
doctrine@2.0.0,esutils@2.0.0,^2.0.2
doctrine@2.0.0,isarray@1.0.0,^1.0.0
syntax-error@1.0.0,esprima@1.0.0,1.0.4
eslint-import-resolver-node@0.1.0,resolve@1.0.0,^1.1.6
eslint-import-resolver-node@0.1.0,object-assign@4.0.0,^4.0.1
eslint-module-utils@1.0.0,debug@2.0.0,2.2.0
eslint-module-utils@1.0.0,pkg-dir@1.0.0,^1.0.0
jsx-ast-utils@1.0.0,object-assign@4.0.0,^4.1.0
eslint-plugin-flowtype@2.0.0,lodash@4.0.0,^4.5.1
webpack-manifest-plugin@1.0.0,lodash@3.0.0,^3.5.0
babel-plugin-transform-runtime@6.0.2,babel-runtime@6.0.2,^6.0.2
postcss-flexbugs-fixes@3.0.0,postcss@6.0.0,^6.0.1
babel-plugin-transform-react-constant-elements@6.0.2,babel-runtime@6.0.2,^6.0.2
babel-runtime@5.0.0,core-js@0.0.3,^0.8.0
babel-plugin-dynamic-import-node@1.0.0,in-publish@2.0.0,^2.0.0
babel-plugin-dynamic-import-node@1.0.0,babel-template@6.0.2,^6.16.0
babel-plugin-dynamic-import-node@1.0.0,babel-plugin-syntax-dynamic-import@6.18.0,^6.18.0
portfinder@1.0.0,async@1.0.0,^1.5.2
portfinder@1.0.0,mkdirp@0.3.3,0.5.x
lodash.cond@4.0.0,lodash._arraymap@3.0.0,^3.0.0
lodash.cond@4.0.0,lodash._baseisequal@4.0.0,^4.0.0
lodash.cond@4.0.0,lodash._baseismatch@4.0.0,^4.0.0
lodash.cond@4.0.0,lodash.get@4.0.0,^4.0.0
lodash.cond@4.0.0,lodash.hasin@4.0.0,^4.0.0
lodash.cond@4.0.0,lodash.rest@4.0.0,^4.0.0
lodash.cond@4.0.0,lodash.topairs@4.0.0,^4.0.0
pkg-up@1.0.0,find-up@1.0.0,^1.0.0
babel-plugin-syntax-object-rest-spread@6.0.2,babel-runtime@6.0.2,^6.0.2
babel-plugin-transform-object-rest-spread@6.0.2,babel-plugin-syntax-object-rest-spread@6.0.2,^6.0.2
babel-plugin-transform-object-rest-spread@6.0.2,babel-runtime@6.0.2,^6.0.2
babel-plugin-syntax-trailing-function-commas@6.0.2,babel-runtime@6.0.2,^6.0.2
type-is@1.0.0,mime@1.0.0,~1.2.11
gzip-size@3.0.0,duplexer@0.0.1,^0.1.1
babel-plugin-transform-es2015-destructuring@6.0.2,babel-runtime@6.0.2,^6.0.2
html-webpack-plugin@2.0.2,lodash@3.0.0,^3.10.0
html-webpack-plugin@2.0.2,bluebird@2.0.2,^2.9.34
html-webpack-plugin@2.0.2,loader-utils@0.1.0,^0.2.10
html-webpack-plugin@2.0.2,syntax-error@1.0.0,^1.1.4
html-webpack-plugin@2.0.2,html-minifier@0.4.3,^0.7.2
opn@5.0.0,is-wsl@1.0.0,^1.1.0
babel-plugin-transform-es2015-arrow-functions@6.0.2,babel-runtime@6.0.2,^6.0.2
babel-plugin-syntax-class-properties@6.0.2,babel-runtime@6.0.2,^6.0.2
babel-plugin-transform-class-properties@6.0.2,babel-plugin-syntax-class-properties@6.0.2,^6.0.2
babel-plugin-transform-class-properties@6.0.2,babel-runtime@6.0.2,^6.0.2
eslint-plugin-react@7.0.0,has@1.0.0,^1.0.1
eslint-plugin-react@7.0.0,doctrine@2.0.0,^2.0.0
eslint-plugin-react@7.0.0,jsx-ast-utils@1.0.0,^1.3.4
eslint-plugin-import@2.0.0,has@1.0.0,^1.0.1
eslint-plugin-import@2.0.0,debug@2.0.0,^2.2.0
eslint-plugin-import@2.0.0,pkg-up@1.0.0,^1.0.0
eslint-plugin-import@2.0.0,doctrine@0.5.2,1.3.x
eslint-plugin-import@2.0.0,minimatch@3.0.0,^3.0.3
eslint-plugin-import@2.0.0,lodash.cond@4.0.0,^4.3.0
eslint-plugin-import@2.0.0,contains-path@0.1.0,^0.1.0
eslint-plugin-import@2.0.0,builtin-modules@1.0.0,^1.1.1
eslint-plugin-import@2.0.0,eslint-module-utils@1.0.0,^1.0.0
eslint-plugin-import@2.0.0,eslint-import-resolver-node@0.1.0,^0.2.0
accepts@1.0.0,mime@1.0.0,~1.2.11
accepts@1.0.0,negotiator@0.1.0,~0.3.0
express@4.0.0,qs@0.0.1,0.6.6
express@4.0.0,send@0.0.1,0.2.0
express@4.0.0,debug@0.0.1,>= 0.7.3 < 1
express@4.0.0,fresh@0.0.1,0.2.2
express@4.0.0,cookie@0.0.0,0.1.0
express@4.0.0,accepts@1.0.0,1.0.0
express@4.0.0,methods@0.0.1,0.1.0
express@4.0.0,type-is@1.0.0,1.0.0
express@4.0.0,parseurl@1.0.0,1.0.1
express@4.0.0,escape-html@1.0.0,1.0.1
express@4.0.0,utils-merge@1.0.0,1.0.0
express@4.0.0,buffer-crc32@0.1.0,0.2.1
serve-static@1.0.0,send@0.0.1,0.1.4
express@4.0.0,range-parser@1.0.0,1.0.0
express@4.0.0,serve-static@1.0.0,1.0.1
express@4.0.0,path-to-regexp@0.0.1,0.1.2
express@4.0.0,cookie-signature@1.0.0,1.0.3
express@4.0.0,merge-descriptors@0.0.1,0.0.2
react-error-overlay@1.0.0,anser@1.0.0,1.2.5
react-error-overlay@1.0.0,babel-runtime@6.0.2,6.23.0
react-error-overlay@1.0.0,settle-promise@1.0.0,1.0.0
react-error-overlay@1.0.0,react-dev-utils@1.0.0,^1.0.0
react-error-overlay@1.0.0,babel-code-frame@6.0.0,6.22.0
babel-helper-builder-react-jsx@6.0.0,babel-runtime@6.0.2,^6.0.0
babel-helper-builder-react-jsx@6.0.0,babel-types@6.0.2,^6.0.0
babel-helper-builder-react-jsx@6.0.0,esutils@2.0.0,^2.0.0
babel-helper-builder-react-jsx@6.0.0,lodash@3.0.0,^3.10.0
babel-plugin-syntax-jsx@6.0.2,babel-runtime@6.0.2,^6.0.2
babel-plugin-transform-react-jsx@6.0.2,babel-runtime@6.0.2,^6.0.2
babel-plugin-transform-react-jsx@6.0.2,babel-helper-builder-react-jsx@6.0.0,^6.0.2
babel-plugin-transform-react-jsx@6.0.2,babel-plugin-syntax-jsx@6.0.2,^6.0.2
babel-plugin-transform-react-jsx-self@6.11.0,babel-runtime@6.0.2,^6.9.0
babel-plugin-transform-react-jsx-self@6.11.0,babel-plugin-syntax-jsx@6.0.2,^6.8.0
babel-plugin-transform-react-jsx-source@6.1.4,babel-runtime@5.0.0,^5.0.0
babel-plugin-transform-react-jsx-source@6.1.4,babel-plugin-syntax-jsx@6.0.2,^6.1.4
babel-plugin-transform-es2015-block-scoped-functions@6.0.2,babel-runtime@6.0.2,^6.0.2
babel-plugin-transform-es2015-block-scoping@6.0.2,babel-traverse@6.0.2,^6.0.2
babel-plugin-transform-es2015-block-scoping@6.0.2,babel-types@6.0.2,^6.0.2
babel-plugin-transform-es2015-block-scoping@6.0.2,babel-template@6.0.2,^6.0.2
babel-plugin-transform-es2015-block-scoping@6.0.2,lodash@3.0.0,^3.10.0
babel-plugin-transform-es2015-block-scoping@6.0.2,babel-runtime@6.0.2,^6.0.2
aria-query@0.1.0,ast-types-flow@0.0.1,0.0.7
babel-plugin-transform-es2015-duplicate-keys@6.6.0,babel-runtime@5.0.0,^5.0.0
babel-plugin-transform-es2015-duplicate-keys@6.6.0,babel-types@6.0.2,^6.6.0
axobject-query@0.1.0,ast-types-flow@0.0.1,0.0.7
eslint-plugin-jsx-a11y@5.0.0,aria-query@0.1.0,^0.5.0
eslint-plugin-jsx-a11y@5.0.0,emoji-regex@6.0.0,^6.1.0
eslint-plugin-jsx-a11y@5.0.0,jsx-ast-utils@1.0.0,^1.4.0
eslint-plugin-jsx-a11y@5.0.0,ast-types-flow@0.0.1,0.0.7
eslint-plugin-jsx-a11y@5.0.0,axobject-query@0.1.0,^0.1.0
eslint-plugin-jsx-a11y@5.0.0,damerau-levenshtein@1.0.0,^1.0.0
babel-plugin-syntax-flow@6.0.2,babel-runtime@6.0.2,^6.0.2
babel-plugin-transform-es2015-for-of@6.0.2,babel-runtime@6.0.2,^6.0.2
babel-plugin-transform-flow-strip-types@6.0.2,babel-runtime@6.0.2,^6.0.2
babel-plugin-transform-flow-strip-types@6.0.2,babel-plugin-syntax-flow@6.0.2,^6.0.2
babel-preset-react@6.0.2,babel-plugin-syntax-flow@6.0.2,^6.0.2
babel-preset-react@6.0.2,babel-plugin-syntax-jsx@6.0.2,^6.0.2
babel-preset-react@6.0.2,babel-plugin-transform-react-jsx@6.0.2,^6.0.2
babel-preset-react@6.0.2,babel-plugin-transform-flow-strip-types@6.0.2,^6.0.2
babel-plugin-check-es2015-constants@6.1.5,babel-runtime@5.0.0,^5.0.0
negotiator@0.1.0,underscore@1.3.2,1.2.x
negotiator@0.1.0,coffee-script@1.1.3,1.2.x
compression@1.0.0,bytes@0.0.1,0.2.1
compression@1.0.0,negotiator@0.1.0,0.3.0
compression@1.0.0,compressible@1.0.0,1.0.0
pinkie-promise@2.0.0,pinkie@2.0.0,^2.0.0
opn@4.0.0,object-assign@4.0.0,^4.0.1
opn@4.0.0,pinkie-promise@2.0.0,^2.0.0
jsdom@0.0.1,mjsunit.runner@0.1.0,>= 0.1.0
jquery@1.5.1,jsdom@0.0.1,=0.1.20
jquery@1.5.1,htmlparser@1.6.2,>= 1.7.3
sockjs@0.0.1,coffee-script@1.0.0,1.1.1
sockjs@0.0.1,jquery@1.5.1,1.5.1
sockjs@0.0.1,node-uuid@1.0.0,1.2.0
babel-helper-remap-async-to-generator@6.0.0,babel-runtime@6.0.2,^6.0.0
babel-helper-remap-async-to-generator@6.0.0,babel-types@6.0.2,^6.0.0
babel-helper-remap-async-to-generator@6.0.0,babel-traverse@6.0.2,^6.0.0
babel-helper-remap-async-to-generator@6.0.0,babel-helper-function-name@6.0.0,^6.0.0
babel-helper-define-map@6.0.0,babel-runtime@6.0.2,^6.0.0
babel-helper-define-map@6.0.0,lodash@3.0.0,^3.10.0
babel-helper-define-map@6.0.0,babel-types@6.0.2,^6.0.0
babel-helper-define-map@6.0.0,babel-helper-function-name@6.0.0,^6.0.0
babel-plugin-transform-es2015-computed-properties@6.0.2,babel-helper-define-map@6.0.0,^6.0.2
babel-plugin-transform-es2015-computed-properties@6.0.2,babel-template@6.0.2,^6.0.2
babel-plugin-transform-es2015-computed-properties@6.0.2,babel-runtime@6.0.2,^6.0.2
url-parse@1.0.0,querystringify@0.0.3,0.0.x
url-parse@1.0.0,requires-port@0.0.1,0.0.x
sockjs-client@1.0.0,debug@2.0.0,^2.1.0
sockjs-client@1.0.0,eventsource@0.0.1,^0.1.3
sockjs-client@1.0.0,faye-websocket@0.1.0,~0.7.3
sockjs-client@1.0.0,inherits@2.0.0,^2.0.1
sockjs-client@1.0.0,json3@3.1.0,^3.3.2
sockjs-client@1.0.0,url-parse@1.0.0,^1.0.1
react-dev-utils@1.0.0,opn@5.0.0,5.0.0
react-dev-utils@1.0.0,anser@1.0.0,1.3.0
react-dev-utils@1.0.0,chalk@1.0.0,1.1.3
react-dev-utils@1.0.0,address@1.0.0,1.0.1
react-dev-utils@1.0.0,filesize@3.0.0,3.3.0
react-dev-utils@1.0.0,inquirer@3.0.0,3.0.6
react-dev-utils@1.0.0,gzip-size@3.0.0,3.0.0
react-dev-utils@1.0.0,strip-ansi@3.0.0,3.0.1
react-dev-utils@1.0.0,cross-spawn@4.0.0,4.0.2
react-dev-utils@1.0.0,shell-quote@1.0.0,1.6.1
react-dev-utils@1.0.0,html-entities@1.0.0,1.2.1
react-dev-utils@1.0.0,sockjs-client@1.0.0,1.1.4
babel-plugin-syntax-async-functions@6.0.2,babel-runtime@6.0.2,^6.0.2
babel-plugin-transform-async-to-generator@6.0.2,babel-helper-remap-async-to-generator@6.0.0,^6.0.2
babel-plugin-transform-async-to-generator@6.0.2,babel-plugin-syntax-async-functions@6.0.2,^6.0.2
babel-plugin-transform-async-to-generator@6.0.2,babel-runtime@6.0.2,^6.0.2
babel-helper-optimise-call-expression@6.0.0,babel-runtime@6.0.2,^6.0.0
babel-helper-optimise-call-expression@6.0.0,babel-types@6.0.2,^6.0.0
babel-helper-replace-supers@6.0.0,babel-helper-optimise-call-expression@6.0.0,^6.0.0
babel-helper-replace-supers@6.0.0,babel-runtime@6.0.2,^6.0.0
babel-helper-replace-supers@6.0.0,babel-traverse@6.0.2,^6.0.0
babel-helper-replace-supers@6.0.0,babel-messages@6.0.0,^6.0.0
babel-helper-replace-supers@6.0.0,babel-template@6.0.2,^6.0.0
babel-helper-replace-supers@6.0.0,babel-types@6.0.2,^6.0.0
babel-plugin-transform-es2015-classes@6.0.2,babel-helper-optimise-call-expression@6.0.0,^6.0.2
babel-plugin-transform-es2015-classes@6.0.2,babel-helper-function-name@6.0.0,^6.0.2
babel-plugin-transform-es2015-classes@6.0.2,babel-helper-replace-supers@6.0.0,^6.0.2
babel-plugin-transform-es2015-classes@6.0.2,babel-template@6.0.2,^6.0.2
babel-plugin-transform-es2015-classes@6.0.2,babel-traverse@6.0.2,^6.0.2
babel-plugin-transform-es2015-classes@6.0.2,babel-helper-define-map@6.0.0,^6.0.2
babel-plugin-transform-es2015-classes@6.0.2,babel-messages@6.0.0,^6.0.2
babel-plugin-transform-es2015-classes@6.0.2,babel-runtime@6.0.2,^6.0.2
babel-helper-get-function-arity@6.0.0,babel-runtime@6.0.2,^6.0.0
babel-helper-get-function-arity@6.0.0,babel-types@6.0.2,^6.0.0
babel-helper-function-name@6.0.0,babel-runtime@6.0.2,^6.0.0
babel-helper-function-name@6.0.0,babel-types@6.0.2,^6.0.0
babel-helper-function-name@6.0.0,babel-traverse@6.0.2,^6.0.0
babel-helper-function-name@6.0.0,babel-helper-get-function-arity@6.0.0,^6.0.0
babel-helper-function-name@6.0.0,babel-template@6.0.2,^6.0.0
babel-plugin-transform-es2015-function-name@6.0.2,babel-helper-function-name@6.0.0,^6.0.2
babel-plugin-transform-es2015-function-name@6.0.2,babel-types@6.0.2,^6.0.2
babel-plugin-transform-es2015-function-name@6.0.2,babel-runtime@6.0.2,^6.0.2
babel-preset-env@1.0.0,babel-plugin-check-es2015-constants@6.1.5,^6.3.13
babel-preset-env@1.0.0,babel-plugin-syntax-trailing-function-commas@6.0.2,^6.13.0
babel-preset-env@1.0.0,babel-plugin-transform-async-to-generator@6.0.2,^6.8.0
babel-preset-env@1.0.0,babel-plugin-transform-es2015-arrow-functions@6.0.2,^6.3.13
babel-preset-env@1.0.0,babel-plugin-transform-es2015-block-scoped-functions@6.0.2,^6.3.13
babel-preset-env@1.0.0,babel-plugin-transform-es2015-block-scoping@6.0.2,^6.6.0
babel-preset-env@1.0.0,babel-plugin-transform-es2015-classes@6.0.2,^6.6.0
babel-preset-env@1.0.0,babel-plugin-transform-es2015-computed-properties@6.0.2,^6.3.13
babel-preset-env@1.0.0,babel-plugin-transform-es2015-destructuring@6.0.2,^6.6.0
babel-preset-env@1.0.0,babel-plugin-transform-es2015-duplicate-keys@6.6.0,^6.6.0
babel-preset-env@1.0.0,babel-plugin-transform-es2015-for-of@6.0.2,^6.6.0
babel-preset-env@1.0.0,babel-plugin-transform-es2015-function-name@6.0.2,^6.3.13
babel-plugin-transform-es2015-modules-commonjs@6.0.2,babel-types@6.0.2,^6.0.2
babel-plugin-transform-es2015-modules-commonjs@6.0.2,babel-runtime@6.0.2,^6.0.2
babel-plugin-transform-es2015-modules-commonjs@6.0.2,babel-template@6.0.2,^6.0.2
babel-plugin-transform-es2015-typeof-symbol@6.0.2,babel-runtime@6.0.2,^6.0.2
babel-plugin-transform-es2015-object-super@6.0.2,babel-helper-replace-supers@6.0.0,^6.0.2
babel-plugin-transform-es2015-object-super@6.0.2,babel-runtime@6.0.2,^6.0.2
glob@3.0.0,inherits@1.0.2,1
glob@3.0.0,fast-list@1.0.1,1
glob@3.0.0,minimatch@3.1.5,0.1
glob@3.0.0,graceful-fs@1.0.0,~1.1.2
mocha@1.18.0,diff@1.0.0,1.0.7
mocha@1.18.0,glob@3.0.0,3.2.3
mocha@1.18.0,jade@0.0.1,0.26.3
mocha@1.18.0,debug@2.2.0,*
mocha@1.18.0,growl@1.5.0,1.7.x
mocha@1.18.0,mkdirp@0.0.1,0.3.5
mocha@1.18.0,commander@2.0.0,2.0.0
batch@0.0.1,mocha@1.18.0,*
batch@0.0.1,should@3.3.0,*
serve-index@1.0.0,batch@0.0.1,0.5.0
serve-index@1.0.0,negotiator@0.1.0,0.3.0
recursive-readdir@2.0.0,minimatch@0.0.1,0.3.0
hpack.js@2.0.0,inherits@2.0.0,^2.0.1
hpack.js@2.0.0,obuf@1.0.0,^1.0.0
hpack.js@2.0.0,readable-stream@2.0.0,^2.0.0
hpack.js@2.0.0,wbuf@1.0.0,^1.1.0
spdy-transport@2.0.0,debug@2.0.0,^2.2.0
spdy-transport@2.0.0,hpack.js@2.0.0,^2.1.4
spdy-transport@2.0.0,obuf@1.0.0,^1.1.0
spdy-transport@2.0.0,readable-stream@2.0.0,^2.0.1
spdy-transport@2.0.0,wbuf@1.0.0,^1.4.0
spdy@3.0.0,debug@2.0.0,^2.2.0
spdy@3.0.0,handle-thing@1.0.1,^1.2.4
spdy@3.0.0,http-deceiver@1.0.1,^1.2.4
spdy@3.0.0,select-hose@2.0.0,^2.0.0
spdy@3.0.0,spdy-transport@2.0.0,^2.0.0
webpack-dev-server@2.2.0,opn@4.0.0,4.0.2
webpack-dev-server@2.2.0,spdy@3.0.0,^3.4.1
webpack-dev-server@2.2.0,yargs@6.0.0,^6.0.0
webpack-dev-server@2.2.0,sockjs@0.0.1,0.3.18
webpack-dev-server@2.2.0,express@4.0.0,^4.13.3
webpack-dev-server@2.2.0,chokidar@1.0.0,^1.6.0
webpack-dev-server@2.2.0,portfinder@1.0.0,^1.0.9
webpack-dev-server@2.2.0,strip-ansi@3.0.0,^3.0.0
webpack-dev-server@2.2.0,compression@1.0.0,^1.5.2
webpack-dev-server@2.2.0,serve-index@1.0.0,^1.7.2
webpack-dev-server@2.2.0,sockjs-client@1.0.0,1.1.1
webpack-dev-server@2.2.0,supports-color@3.0.0,^3.1.1
babel-plugin-transform-es2015-shorthand-properties@6.0.2,babel-types@6.0.2,^6.0.2
babel-plugin-transform-es2015-shorthand-properties@6.0.2,babel-runtime@6.0.2,^6.0.2
enhanced-resolve@0.7.6,tapable@0.2.2,0.1.x
enhanced-resolve@0.7.6,memory-fs@0.1.0,~0.1.0
enhanced-resolve@0.7.6,graceful-fs@2.0.0,~2.0.3
webpack-dev-middleware@1.0.0,mime@1.4.0,1.x
webpack-dev-middleware@1.0.0,enhanced-resolve@0.7.6,0.5.x
babel-plugin-transform-es2015-modules-amd@6.0.2,babel-plugin-transform-es2015-modules-commonjs@6.0.2,^6.0.2
babel-plugin-transform-es2015-modules-amd@6.0.2,babel-template@6.0.2,^6.0.2
babel-plugin-transform-es2015-modules-amd@6.0.2,babel-runtime@6.0.2,^6.0.2
babel-plugin-transform-es2015-literals@6.0.2,babel-runtime@6.0.2,^6.0.2
babel-plugin-transform-es2015-spread@6.0.2,babel-runtime@6.0.2,^6.0.2
babel-plugin-transform-es2015-template-literals@6.0.2,babel-runtime@6.0.2,^6.0.2
babel-plugin-transform-es2015-modules-umd@6.0.2,babel-plugin-transform-es2015-modules-amd@6.0.2,^6.0.2
babel-plugin-transform-es2015-modules-umd@6.0.2,babel-template@6.0.2,^6.0.2
babel-plugin-transform-es2015-modules-umd@6.0.2,babel-runtime@6.0.2,^6.0.2
babel-helper-regex@6.0.0,babel-runtime@6.0.2,^6.0.0
babel-helper-regex@6.0.0,lodash@3.0.0,^3.10.0
babel-helper-regex@6.0.0,babel-types@6.0.2,^6.0.0
babel-plugin-transform-es2015-sticky-regex@6.0.2,babel-helper-regex@6.0.0,^6.0.2
babel-plugin-transform-es2015-sticky-regex@6.0.2,babel-types@6.0.2,^6.0.2
babel-plugin-transform-es2015-sticky-regex@6.0.2,babel-runtime@6.0.2,^6.0.2
babel-helper-hoist-variables@6.0.0,babel-runtime@6.0.2,^6.0.0
babel-helper-hoist-variables@6.0.0,babel-types@6.0.2,^6.0.0
babel-plugin-transform-es2015-modules-systemjs@6.0.2,babel-template@6.0.2,^6.0.2
babel-plugin-transform-es2015-modules-systemjs@6.0.2,babel-helper-hoist-variables@6.0.0,^6.0.2
babel-plugin-transform-es2015-modules-systemjs@6.0.2,babel-runtime@6.0.2,^6.0.2
babel-helper-call-delegate@6.0.0,babel-traverse@6.0.2,^6.0.0
babel-helper-call-delegate@6.0.0,babel-runtime@6.0.2,^6.0.0
babel-helper-call-delegate@6.0.0,babel-types@6.0.2,^6.0.0
babel-helper-call-delegate@6.0.0,babel-helper-hoist-variables@6.0.0,^6.0.0
babel-plugin-transform-es2015-parameters@6.0.2,babel-traverse@6.0.2,^6.0.2
babel-plugin-transform-es2015-parameters@6.0.2,babel-helper-call-delegate@6.0.0,^6.0.2
babel-plugin-transform-es2015-parameters@6.0.2,babel-helper-get-function-arity@6.0.0,^6.0.2
babel-plugin-transform-es2015-parameters@6.0.2,babel-template@6.0.2,^6.0.2
babel-plugin-transform-es2015-parameters@6.0.2,babel-types@6.0.2,^6.0.2
babel-plugin-transform-es2015-parameters@6.0.2,babel-runtime@6.0.2,^6.0.2
babel-preset-env@1.0.0,babel-plugin-transform-es2015-literals@6.0.2,^6.3.13
babel-preset-env@1.0.0,babel-plugin-transform-es2015-modules-amd@6.0.2,^6.8.0
babel-preset-env@1.0.0,babel-plugin-transform-es2015-modules-commonjs@6.0.2,^6.6.0
babel-preset-env@1.0.0,babel-plugin-transform-es2015-modules-systemjs@6.0.2,^6.12.0
babel-preset-env@1.0.0,babel-plugin-transform-es2015-modules-umd@6.0.2,^6.12.0
babel-preset-env@1.0.0,babel-plugin-transform-es2015-object-super@6.0.2,^6.3.13
babel-preset-env@1.0.0,babel-plugin-transform-es2015-parameters@6.0.2,^6.6.0
babel-preset-env@1.0.0,babel-plugin-transform-es2015-shorthand-properties@6.0.2,^6.3.13
babel-preset-env@1.0.0,babel-plugin-transform-es2015-spread@6.0.2,^6.3.13
babel-preset-env@1.0.0,babel-plugin-transform-es2015-sticky-regex@6.0.2,^6.3.13
babel-preset-env@1.0.0,babel-plugin-transform-es2015-template-literals@6.0.2,^6.6.0
babel-preset-env@1.0.0,babel-plugin-transform-es2015-typeof-symbol@6.0.2,^6.6.0
stack-frame-utils@0.0.0,babel-runtime@6.0.2,^6.23.0
stack-frame-unmapper@0.0.0,babel-runtime@6.0.2,^6.23.0
stack-frame-unmapper@0.0.0,source-map@0.0.0,^0.5.6
stack-frame-unmapper@0.0.0,stack-frame@0.0.0,^0.0.0
stack-frame-unmapper@0.0.0,stack-frame-utils@0.0.0,^0.0.0
stack-frame-mapper@0.1.0,babel-runtime@6.0.2,^6.23.0
stack-frame-mapper@0.1.0,source-map@0.0.0,^0.5.6
stack-frame-mapper@0.1.0,stack-frame@0.0.0,^0.1.0
stack-frame-mapper@0.1.0,stack-frame-utils@0.0.0,^0.1.0
webpack-dev-server@2.2.0,http-proxy-middleware@0.0.1,~0.17.1
webpack-dev-server@2.2.0,webpack-dev-middleware@1.0.0,^1.9.0
webpack-dev-server@2.2.0,connect-history-api-fallback@1.0.0,^1.3.0
@timer/detect-port@1.1.2,address@1.0.0,^1.0.1
@timer/detect-port@1.1.2,debug@2.0.0,^2.6.0
react-dev-utils@1.0.0,babel-code-frame@6.0.0,6.22.0
react-dev-utils@1.0.0,recursive-readdir@2.0.0,2.2.1
react-dev-utils@1.0.0,@timer/detect-port@1.1.2,1.1.3
react-dev-utils@1.0.0,stack-frame-mapper@0.1.0,0.4.0
react-dev-utils@1.0.0,stack-frame-parser@0.0.0,0.4.0
react-dev-utils@1.0.0,escape-string-regexp@1.0.0,1.0.5
react-dev-utils@1.0.0,stack-frame-unmapper@0.0.0,0.4.0
browserslist@1.0.0,caniuse-db@1.0.20140224,^1.0.30000281
babel-plugin-syntax-exponentiation-operator@6.0.2,babel-runtime@6.0.2,^6.0.2
babel-helper-explode-assignable-expression@6.0.0,babel-traverse@6.0.2,^6.0.0
babel-helper-explode-assignable-expression@6.0.0,babel-runtime@6.0.2,^6.0.0
babel-helper-explode-assignable-expression@6.0.0,babel-types@6.0.2,^6.0.0
babel-helper-builder-binary-assignment-operator-visitor@6.0.0,babel-helper-explode-assignable-expression@6.0.0,^6.0.0
babel-helper-builder-binary-assignment-operator-visitor@6.0.0,babel-runtime@6.0.2,^6.0.0
babel-helper-builder-binary-assignment-operator-visitor@6.0.0,babel-types@6.0.2,^6.0.0
babel-plugin-transform-exponentiation-operator@6.0.2,babel-plugin-syntax-exponentiation-operator@6.0.2,^6.0.2
babel-plugin-transform-exponentiation-operator@6.0.2,babel-helper-builder-binary-assignment-operator-visitor@6.0.0,^6.0.2
babel-plugin-transform-exponentiation-operator@6.0.2,babel-runtime@6.0.2,^6.0.2
regjsgen@0.1.0,jsesc@0.3.0,~0.4.3
regexpu@1.0.0,recast@0.1.0,^0.9.13
regexpu@1.0.0,regenerate@1.0.0,^1.0.0
regexpu@1.0.0,regjsgen@0.1.0,^0.2.0
regexpu@1.0.0,regjsparser@0.0.1,^0.1.3
babel-plugin-transform-es2015-unicode-regex@6.0.2,babel-helper-regex@6.0.0,^6.0.2
babel-plugin-transform-es2015-unicode-regex@6.0.2,regexpu@1.0.0,^1.1.2
babel-plugin-transform-es2015-unicode-regex@6.0.2,babel-runtime@6.0.2,^6.0.2
babel-preset-env@1.0.0,babel-plugin-transform-es2015-unicode-regex@6.0.2,^6.3.13
babel-preset-env@1.0.0,babel-plugin-transform-exponentiation-operator@6.0.2,^6.8.0
babel-preset-env@1.0.0,babel-plugin-transform-regenerator@6.0.2,^6.6.0
babel-preset-env@1.0.0,browserslist@1.0.0,^1.4.0
babel-preset-react-app@3.0.0,babel-preset-env@1.0.0,1.4.0
babel-preset-react-app@3.0.0,babel-preset-react@6.0.2,6.24.1
babel-preset-react-app@3.0.0,babel-plugin-transform-runtime@6.0.2,6.23.0
babel-preset-react-app@3.0.0,babel-plugin-dynamic-import-node@1.0.0,1.0.2
babel-preset-react-app@3.0.0,babel-plugin-transform-react-jsx@6.0.2,6.24.1
babel-preset-react-app@3.0.0,babel-plugin-syntax-dynamic-import@6.18.0,6.18.0
babel-preset-react-app@3.0.0,babel-plugin-transform-regenerator@6.0.2,6.24.1
babel-preset-react-app@3.0.0,babel-plugin-transform-react-jsx-self@6.11.0,6.22.0
babel-preset-react-app@3.0.0,babel-plugin-transform-class-properties@6.0.2,6.24.1
babel-preset-react-app@3.0.0,babel-plugin-transform-react-jsx-source@6.1.4,6.22.0
babel-preset-react-app@3.0.0,babel-plugin-transform-object-rest-spread@6.0.2,6.23.0
babel-preset-react-app@3.0.0,babel-plugin-transform-react-constant-elements@6.0.2,6.23.0
react-scripts@1.0.1,react-dev-utils@1.0.0,^1.0.1
react-scripts@1.0.1,webpack-dev-server@2.2.0,2.4.5
react-scripts@1.0.1,eslint-plugin-react@7.0.0,7.0.1
react-scripts@1.0.1,html-webpack-plugin@2.0.2,2.28.0
react-scripts@1.0.1,react-error-overlay@1.0.0,^1.0.1
react-scripts@1.0.1,eslint-plugin-import@2.0.0,2.2.0
react-scripts@1.0.1,babel-preset-react-app@3.0.0,^3.0.0
react-scripts@1.0.1,eslint-plugin-flowtype@2.0.0,2.33.0
react-scripts@1.0.1,eslint-plugin-jsx-a11y@5.0.0,5.0.1
react-scripts@1.0.1,postcss-flexbugs-fixes@3.0.0,3.0.0
react-scripts@1.0.1,eslint-config-react-app@1.0.0,^1.0.1
react-scripts@1.0.1,webpack-manifest-plugin@1.0.0,1.1.0
extract-text-webpack-plugin@2.0.0,ajv@4.0.0,^4.11.2
extract-text-webpack-plugin@2.0.0,async@2.0.0,^2.1.2
extract-text-webpack-plugin@2.0.0,loader-utils@1.0.0,^1.0.2
extract-text-webpack-plugin@2.0.0,webpack-sources@0.1.0,^0.1.0
glob@6.0.1,once@1.1.1,^1.3.0
glob@6.0.1,inflight@1.0.0,^1.0.4
glob@6.0.1,inherits@1.0.2,2
glob@6.0.1,minimatch@3.1.5,2 || 3
glob@6.0.1,path-is-absolute@1.0.0,^1.0.0
indent-string@1.0.0,get-stdin@3.0.0,^3.0.0
indent-string@1.0.0,minimist@1.0.0,^1.1.0
indent-string@1.0.0,repeat-string@0.1.0,^0.1.2
pretty-bytes@3.0.0,number-is-nan@1.0.0,^1.0.0
camelcase-keys@1.0.0,map-obj@1.0.0,^1.0.0
camelcase-keys@1.0.0,camelcase@1.0.0,^1.0.1
meow@3.0.0,minimist@1.0.0,^1.1.0
meow@3.0.0,indent-string@1.0.0,^1.1.0
meow@3.0.0,object-assign@2.0.0,^2.0.0
meow@3.0.0,camelcase-keys@1.0.0,^1.0.0
dom-urls@1.0.0,URIjs@1.4.2,^1.15.1
lodash.assigninwith@4.0.0,lodash.keysin@4.0.0,^4.0.0
lodash.assigninwith@4.0.0,lodash.rest@4.0.0,^4.0.0
lodash.defaults@4.0.0,lodash.assigninwith@4.0.0,^4.0.0
lodash.defaults@4.0.0,lodash.rest@4.0.0,^4.0.0
sw-toolbox@3.0.0,serviceworker-cache-polyfill@3.0.0,github:coonsta/cache-polyfill
sw-toolbox@3.0.0,path-to-regexp@1.0.0,^1.0.1
lodash.escape@3.0.0,lodash._basetostring@3.0.0,^3.0.0
lodash.templatesettings@3.0.0,lodash.escape@3.0.0,^3.0.0
lodash.templatesettings@3.0.0,lodash.reescape@3.0.0,^3.0.0
lodash.templatesettings@3.0.0,lodash.reevaluate@3.0.0,^3.0.0
lodash.templatesettings@3.0.0,lodash.reinterpolate@3.0.0,^3.0.0
lodash.template@4.0.0,lodash.keys@4.0.0,^4.0.0
lodash.template@4.0.0,lodash.rest@4.0.0,^4.0.0
lodash.template@4.0.0,lodash._arraymap@3.0.0,^3.0.0
lodash.template@4.0.0,lodash.assigninwith@4.0.0,^4.0.0
lodash.template@4.0.0,lodash._reinterpolate@3.0.0,^3.0.0
lodash.template@4.0.0,lodash.templatesettings@3.0.0,^3.0.0
sw-precache@3.0.0,dom-urls@1.0.0,^1.0.0
sw-precache@3.0.0,es6-promise@3.0.0,^3.0.2
sw-precache@3.0.0,glob@6.0.1,^6.0.4
sw-precache@3.0.0,lodash.defaults@4.0.0,^4.0.1
sw-precache@3.0.0,lodash.template@4.0.0,^4.1.0
sw-precache@3.0.0,meow@3.0.0,^3.3.0
sw-precache@3.0.0,mkdirp@0.0.1,^0.5.1
sw-precache@3.0.0,pretty-bytes@3.0.0,^3.0.1
sw-precache@3.0.0,sw-toolbox@3.0.0,^3.1.1
sw-precache-webpack-plugin@0.1.0,sw-precache@3.0.0,^3.2.0
react-scripts@1.0.1,sw-precache-webpack-plugin@0.1.0,0.9.1
react-scripts@1.0.1,extract-text-webpack-plugin@2.0.0,2.1.0
react-scripts@1.0.1,connect-history-api-fallback@1.0.0,1.3.0
react-scripts@1.0.1,case-sensitive-paths-webpack-plugin@2.0.0,2.0.0
buffer@5.0.0,base64-js@1.0.1,^1.0.2
buffer@5.0.0,ieee754@1.0.0,^1.1.4
glob-parent@5.0.0,is-glob@4.0.0,^4.0.1
is-binary-path@2.0.0,binary-extensions@1.0.0,^1.0.0
anymatch@3.0.0,picomatch@2.0.0,^2.0.3
anymatch@3.0.0,normalize-path@3.0.0,^3.0.0
readdirp@3.0.0,picomatch@2.0.0,^2.0.4
isobject@2.0.0,isarray@0.0.0,0.0.1
line-column@1.0.0,isarray@1.0.0,^1.0.0
line-column@1.0.0,isobject@2.0.0,^2.0.0
postcss@8.0.0,nanoid@3.0.0,^3.1.12
postcss@8.0.0,colorette@1.0.0,^1.2.1
postcss@8.0.0,source-map@0.0.0,^0.6.1
postcss@8.0.0,line-column@1.0.0,^1.0.2
is-glob@4.0.0,is-extglob@2.0.0,^2.1.1
p-limit@3.0.0,p-try@2.0.0,^2.0.0
to-regex-range@5.0.0,is-number@7.0.0,^7.0.0
fill-range@7.0.0,to-regex-range@5.0.0,^5.0.1
braces@3.0.0,fill-range@7.0.0,^7.0.1
chokidar@3.0.0,braces@3.0.0,^3.0.2
chokidar@3.0.0,is-glob@4.0.0,^4.0.1
chokidar@3.0.0,anymatch@3.0.0,^3.0.1
chokidar@3.0.0,fsevents@2.0.0,^2.0.6
chokidar@3.0.0,readdirp@3.0.0,^3.0.1
chokidar@3.0.0,async-each@1.0.0,^1.0.3
chokidar@3.0.0,glob-parent@5.0.0,^5.0.0
chokidar@3.0.0,is-binary-path@2.0.0,^2.1.0
chokidar@3.0.0,normalize-path@3.0.0,^3.0.0
node.extend@1.0.7,is@0.0.7,~0.2.6
node.extend@1.0.7,object-keys@0.0.1,~0.3.0
bytes@2.0.0,node.extend@1.0.7,*
raw-body@2.0.0,bytes@2.0.0,2.0.1
raw-body@2.0.0,iconv-lite@0.1.0,0.4.8
next@10.0.6,etag@1.0.0,1.8.1
next@10.0.6,chalk@2.0.0,2.4.2
next@10.0.6,sharp@0.0.1,0.26.3
next@10.0.6,buffer@5.0.0,5.6.0
next@10.0.6,p-limit@3.0.0,3.1.0
next@10.0.6,postcss@8.0.0,8.1.7
next@10.0.6,process@0.4.9,0.11.10
next@10.0.6,chokidar@3.0.0,3.5.1
next@10.0.6,raw-body@2.0.0,2.4.1
next@10.0.6,react-is@16.3.0,16.13.1
next@10.0.6,@next/env@10.0.0,10.0.6
next@10.0.6,ast-types@0.1.1,0.13.2
node-releases@1.0.0,semver@5.0.0,^5.3.0
browserslist@4.0.0,caniuse-lite@1.0.30000655,^1.0.30000859
browserslist@4.0.0,node-releases@1.0.0,^1.0.0-alpha.10
browserslist@4.0.0,electron-to-chromium@1.0.0,^1.3.50
supports-color@6.0.0,has-flag@3.0.0,^3.0.0
@babel/runtime@7.0.0,regenerator-runtime@0.9.0,^0.12.0
vm-browserify@1.0.0,component-indexof@0.0.3,0.0.3
watchpack@2.0.0,graceful-fs@4.1.0,^4.1.2
watchpack@2.0.0,glob-to-regexp@0.0.0,^0.4.1
native-url@0.1.0,querystring@0.0.1,^0.2.0
merge-stream@1.0.0,readable-stream@2.0.0,^2.0.1
jest-worker@24.0.0,merge-stream@1.0.0,^1.0.1
jest-worker@24.0.0,supports-color@6.0.0,^6.1.0
prop-types@15.5.0,fbjs@0.0.0,^0.8.9
styled-jsx@3.0.0,stylis@3.0.0,3.5.3
styled-jsx@3.0.0,source-map@0.0.0,0.7.3
styled-jsx@3.0.0,babel-types@6.0.2,6.26.0
styled-jsx@3.0.0,string-hash@1.1.0,1.1.3
styled-jsx@3.0.0,loader-utils@1.0.0,1.1.0
styled-jsx@3.0.0,stylis-rule-sheet@0.0.1,0.0.10
styled-jsx@3.0.0,convert-source-map@1.0.0,1.5.1
styled-jsx@3.0.0,babel-plugin-syntax-jsx@6.0.2,6.18.0
@hapi/boom@7.4.7,@hapi/hoek@8.2.2,8.x.x
@hapi/accept@5.0.0,@hapi/boom@7.4.7,9.x.x
@hapi/accept@5.0.0,@hapi/hoek@8.2.2,9.x.x
next@10.0.6,watchpack@2.0.0,2.0.0-beta.13
next@10.0.6,native-url@0.1.0,0.3.4
next@10.0.6,node-fetch@2.0.0,2.6.1
next@10.0.6,prop-types@15.5.0,15.7.2
next@10.0.6,styled-jsx@3.0.0,3.3.2
next@10.0.6,jest-worker@24.0.0,24.9.0
next@10.0.6,@hapi/accept@5.0.0,5.0.1
next@10.0.6,browserslist@4.0.0,4.16.1
next@10.0.6,caniuse-lite@1.0.30000655,^1.0.30001179
next@10.0.6,react-refresh@0.0.2,0.8.3
next@10.0.6,vm-browserify@1.0.0,1.1.2
next@10.0.6,@babel/runtime@7.0.0,7.12.5
make-dir@3.0.0,semver@6.0.0,^6.0.0
p-locate@3.0.0,p-limit@2.0.0,^2.0.0
locate-path@3.0.0,p-locate@3.0.0,^3.0.0
locate-path@3.0.0,path-exists@3.0.0,^3.0.0
find-up@3.0.0,locate-path@3.0.0,^3.0.0
pkg-dir@4.0.0,find-up@3.0.0,^3.0.0
find-cache-dir@3.0.0,pkg-dir@4.0.0,^4.1.0
find-cache-dir@3.0.0,make-dir@3.0.0,^3.0.0
find-cache-dir@3.0.0,commondir@1.0.0,^1.0.1
string_decoder@1.0.0,buffer-shims@1.0.0,~1.0.0
readable-stream@3.0.0,inherits@2.0.0,^2.0.3
readable-stream@3.0.0,string_decoder@1.0.0,^1.1.1
readable-stream@3.0.0,util-deprecate@1.0.0,^1.0.1
readable-stream@3.0.0,process-nextick-args@2.0.0,^2.0.0
stream-browserify@3.0.0,inherits@2.0.0,~2.0.4
stream-browserify@3.0.0,readable-stream@3.0.0,^3.5.0
supports-color@5.0.0,has-flag@2.0.0,^2.0.0
postcss@7.0.0,chalk@2.0.0,^2.4.1
postcss@7.0.0,source-map@0.0.0,^0.6.1
postcss@7.0.0,supports-color@5.0.0,^5.4.0
node-html-parser@1.1.0,entities@1.1.2,latest
cssnano-preset-simple@1.0.0,postcss@7.0.0,^7.0.18
cssnano-simple@1.0.0,cssnano-preset-simple@1.0.0,^1.0.0
cssnano-simple@1.0.0,postcss@7.0.0,^7.0.18
strip-ansi@6.0.0,ansi-regex@5.0.0,^5.0.0
supports-color@7.0.0,has-flag@4.0.0,^4.0.0
color-convert@2.0.0,color-name@1.0.0,~1.1.4
ansi-styles@4.0.0,color-convert@2.0.0,^2.0.0
chalk@4.0.0,ansi-styles@4.0.0,^4.1.0
chalk@4.0.0,supports-color@7.0.0,^7.1.0
data-uri-to-buffer@3.0.0,buffer-from@1.0.0,^1.1.1
ally.js@1.0.0,array.prototype.findindex@1.0.0,^1.0.0
ally.js@1.0.0,css.escape@1.0.0,^1.1.0
ally.js@1.0.0,platform@1.0.0,^1.3.0
@next/react-dev-overlay@10.0.0,anser@1.0.0,1.4.9
@next/react-dev-overlay@10.0.0,chalk@4.0.0,4.0.0
@next/react-dev-overlay@10.0.0,ally.js@1.0.0,1.4.1
@next/react-dev-overlay@10.0.0,classnames@2.0.0,2.2.6
@next/react-dev-overlay@10.0.0,source-map@0.0.0,0.8.0-beta.0
@next/react-dev-overlay@10.0.0,strip-ansi@6.0.0,6.0.0
@next/react-dev-overlay@10.0.0,shell-quote@1.0.0,1.7.2
@next/react-dev-overlay@10.0.0,@babel/code-frame@7.0.0,7.10.4
@next/react-dev-overlay@10.0.0,stacktrace-parser@0.1.1,0.1.10
@next/react-dev-overlay@10.0.0,data-uri-to-buffer@3.0.0,3.0.0
next@10.0.6,cssnano-simple@1.0.0,1.2.2
next@10.0.6,find-cache-dir@3.0.0,3.3.1
next@10.0.6,path-browserify@1.0.0,1.0.1
next@10.0.6,node-html-parser@1.1.0,1.4.9
next@10.0.6,use-subscription@1.0.0,1.5.1
next@10.0.6,crypto-browserify@3.0.0,3.12.0
next@10.0.6,node-libs-browser@2.0.0,^2.2.1
next@10.0.6,stream-browserify@3.0.0,3.0.0
next@10.0.6,@opentelemetry/api@0.4.0,0.14.0
next@10.0.6,pnp-webpack-plugin@1.0.0,1.6.4
next@10.0.6,@next/polyfill-module@10.0.0,10.0.6
next@10.0.6,@next/react-dev-overlay@10.0.0,10.0.6
domhandler@3.0.0,domelementtype@2.0.0,^2.0.1
htmlparser2@4.0.0,domutils@2.0.0,^2.0.0
htmlparser2@4.0.0,entities@2.0.0,^2.0.0
htmlparser2@4.0.0,domhandler@3.0.0,^3.0.0
htmlparser2@4.0.0,domelementtype@2.0.0,^2.0.1
terser@4.0.0,commander@2.0.0,^2.19.0
terser@4.0.0,source-map@0.0.0,~0.6.1
terser@4.0.0,source-map-support@0.1.0,~0.5.10
dom-serializer@0.0.0,entities@1.0.0,~1.1.1
dom-serializer@0.0.0,domelementtype@1.0.0,~1.1.1
domutils@2.0.0,domhandler@3.0.0,^3.0.0
domutils@2.0.0,dom-serializer@0.0.0,^0.2.1
domutils@2.0.0,domelementtype@2.0.0,^2.0.1
source-map-resolve@0.1.0,source-map-url@0.1.0,~0.2.0
source-map-resolve@0.1.0,atob@1.0.0,~1.1.0
source-map-resolve@0.1.0,urix@0.1.0,~0.1.0
css@2.0.0,urix@0.1.0,~0.1.0
css@2.0.0,source-map@0.0.0,~0.1.31
css@2.0.0,source-map-resolve@0.1.0,~0.1.3
@ampproject/toolbox-runtime-version@2.0.0,@ampproject/toolbox-core@2.0.0,^2.0.0
cross-fetch@3.0.0,node-fetch@2.0.0,2.3.0
cross-fetch@3.0.0,whatwg-fetch@3.0.0,3.0.0
@ampproject/toolbox-validator-rules@2.0.0,cross-fetch@3.0.0,3.0.4
@ampproject/toolbox-core@2.0.0,cross-fetch@3.0.0,3.0.4
@ampproject/toolbox-optimizer@2.0.0,css@2.0.0,2.2.4
@ampproject/toolbox-optimizer@2.0.0,terser@4.0.0,4.6.3
@ampproject/toolbox-optimizer@2.0.0,domutils@2.0.0,2.0.0
@ampproject/toolbox-optimizer@2.0.0,domhandler@3.0.0,3.0.0
@ampproject/toolbox-optimizer@2.0.0,htmlparser2@4.0.0,4.0.0
@ampproject/toolbox-optimizer@2.0.0,@ampproject/toolbox-core@2.0.0,^2.0.0
@ampproject/toolbox-optimizer@2.0.0,normalize-html-whitespace@1.0.0,1.0.0
@ampproject/toolbox-optimizer@2.0.0,@ampproject/toolbox-script-csp@2.0.0,^2.0.0
@ampproject/toolbox-optimizer@2.0.0,@ampproject/toolbox-runtime-version@2.0.0,^2.0.0
@ampproject/toolbox-optimizer@2.0.0,@ampproject/toolbox-validator-rules@2.0.0,^2.0.0
next@10.0.6,@next/react-refresh-utils@10.0.0,10.0.6
next@10.0.6,@ampproject/toolbox-optimizer@2.0.0,2.7.1-alpha.0
follow-redirects@1.0.0,debug@2.0.0,^2.2.0
axios@0.22.0,follow-redirects@1.0.0,^1.14.4
mquery@2.0.0,debug@2.0.0,2.2.0
mquery@2.0.0,sliced@0.0.1,0.0.5
mquery@2.0.0,bluebird@2.0.2,2.10.2
mquery@2.0.0,regexp-clone@0.0.1,0.0.1
mpromise@0.0.1,sliced@0.0.1,0.0.4
mongodb-core@1.0.0,bson@0.4.15,~0.2
mongodb-core@1.0.0,mkdirp@0.0.1,0.5.0
mongodb-core@1.0.0,rimraf@2.0.0,2.2.6
mongodb-core@1.0.0,kerberos@0.0.1,0.0.5
mongodb@2.0.0,mongodb-core@1.0.0,1.0.0
mongodb@2.0.0,readable-stream@1.0.0,1.0.31
mongoose@4.8.2,ms@0.1.0,0.7.2
mongoose@4.8.2,bson@1.0.0,~1.0.4
mongoose@4.8.2,muri@1.0.0,1.2.1
mongoose@4.8.2,async@2.0.0,2.1.4
mongoose@4.8.2,mpath@0.0.1,0.2.1
mongoose@4.8.2,kareem@1.0.0,1.2.1
mongoose@4.8.2,mquery@2.0.0,2.2.3
mongoose@4.8.2,sliced@1.0.0,1.0.1
mongoose@4.8.2,mongodb@2.0.0,2.2.22
mongoose@4.8.2,mpromise@0.0.1,0.5.5
mongoose@4.8.2,hooks-fixed@1.0.0,1.2.0
mongoose@4.8.2,regexp-clone@0.0.1,0.0.1
socket.io@0.9.10,redis@0.0.1,0.7.2
socket.io@0.9.10,policyfile@0.0.1,0.0.4
socket.io@0.9.10,socket.io-client@0.7.0,0.9.10
directmail@0.1.0,simplesmtp@0.1.0,~0.3.15
mailcomposer@0.1.0,mimelib-noiconv@0.1.4,*
xoauth2@0.1.0,request@2.11.1,*
simplesmtp@0.1.26,rai@0.1.5,*
simplesmtp@0.1.26,xoauth2@0.1.0,>= 0.1.1
nodemailer@0.6.1,he@0.1.0,~0.3.6
nodemailer@0.6.1,directmail@0.1.0,~0.1.6
nodemailer@0.6.1,simplesmtp@0.1.26,~0.2 || ~0.3
nodemailer@0.6.1,mailcomposer@0.1.0,~0.2.7
nodemailer@0.6.1,public-address@0.1.0,~0.1.0
nodemailer@0.6.1,readable-stream@1.0.0,~1.1.9
debug@4.0.0,ms@2.0.0,^2.1.1
rimraf@3.0.0,glob@7.0.0,^7.1.3
es6-promisify@5.0.0,es6-promise@4.0.0,^4.0.3
agent-base@4.1.0,es6-promisify@5.0.0,^5.0.0
https-proxy-agent@5.0.0,debug@2.2.0,4
https-proxy-agent@5.0.0,agent-base@4.1.0,6
buffer@3.0.0,base64-js@0.0.1,0.0.7
buffer@3.0.0,ieee754@1.0.0,^1.1.4
buffer@3.0.0,is-array@1.0.1,^1.0.1
unbzip2-stream@1.0.0,through@2.0.0,^2.3.6
unbzip2-stream@1.0.0,buffer@3.0.0,^3.0.1
unbzip2-stream@1.0.0,bzip2@0.1.0,^0.1.1
fd-slicer@0.0.1,pend@1.0.0,~1.1.2
get-stream@5.0.0,pump@3.0.0,^3.0.0
end-of-stream@1.0.0,once@1.1.1,~1.3.0
pump@3.0.0,once@1.1.1,^1.3.1
pump@3.0.0,end-of-stream@1.0.0,^1.1.0
bl@2.0.0,safe-buffer@5.0.0,^5.1.1
bl@2.0.0,readable-stream@2.0.0,^2.3.5
tar-stream@2.0.0,bl@2.0.0,^2.2.0
tar-stream@2.0.0,inherits@2.0.0,^2.0.3
tar-stream@2.0.0,fs-constants@1.0.0,^1.0.0
tar-stream@2.0.0,end-of-stream@1.0.0,^1.4.1
tar-stream@2.0.0,readable-stream@3.0.0,^3.1.1
tar-fs@2.0.0,pump@3.0.0,^3.0.0
tar-fs@2.0.0,chownr@1.0.0,^1.1.1
tar-fs@2.0.0,mkdirp@0.0.1,^0.5.1
tar-fs@2.0.0,tar-stream@2.0.0,^2.0.0
yauzl@2.0.0,pend@1.0.0,~1.1.3
yauzl@2.0.0,iconv@2.0.0,~2.1.4
yauzl@2.0.0,fd-slicer@0.0.1,~0.2.1
@types/yauzl@2.9.0,@types/node@12.12.19,*
@types/yauzl@2.9.0,@types/events@3.0.0,*
extract-zip@2.0.0,debug@4.0.0,^4.1.1
extract-zip@2.0.0,get-stream@5.0.0,^5.1.0
extract-zip@2.0.0,yauzl@2.0.0,^2.10.0
extract-zip@2.0.0,@types/yauzl@2.9.0,^2.9.1
puppeteer@18.0.3,ws@8.0.0,8.8.1
puppeteer@18.0.3,debug@4.0.0,4.3.4
puppeteer@18.0.3,rimraf@3.0.0,3.0.2
puppeteer@18.0.3,tar-fs@2.0.0,2.1.1
puppeteer@18.0.3,progress@2.0.0,2.0.3
puppeteer@18.0.3,cross-fetch@3.0.0,3.1.5
puppeteer@18.0.3,extract-zip@2.0.0,2.0.1
puppeteer@18.0.3,proxy-from-env@1.0.0,1.1.0
puppeteer@18.0.3,unbzip2-stream@1.0.0,1.4.3
puppeteer@18.0.3,devtools-protocol@0.0.112233,0.0.1036444
puppeteer@18.0.3,https-proxy-agent@5.0.0,5.0.1
debug@3.0.0,ms@2.0.0,2.0.0
cls-bluebird@2.0.0,shimmer@1.0.0,^1.1.0
cls-bluebird@2.0.0,is-bluebird@1.0.0,^1.0.2
sequelize@4.13.5,wkx@0.0.2,^0.4.1
sequelize@4.13.5,depd@1.0.0,^1.1.0
sequelize@4.13.5,uuid@3.0.0,^3.0.0
sequelize@4.13.5,debug@3.0.0,^3.0.0
sequelize@4.13.5,dottie@2.0.0,^2.0.0
sequelize@4.13.5,lodash@4.0.0,^4.17.1
sequelize@4.13.5,moment@2.0.0,^2.13.0
sequelize@4.13.5,semver@5.0.0,^5.0.1
sequelize@4.13.5,bluebird@3.0.0,^3.4.6
sequelize@4.13.5,validator@8.0.0,^8.0.0
sequelize@4.13.5,inflection@1.0.0,1.12.0
sequelize@4.13.5,cls-bluebird@2.0.0,^2.0.1
moment-timezone@0.0.1,moment@2.0.0,2.1.0
retry-as-promised@2.0.0,debug@2.0.0,^2.2.0
retry-as-promised@2.0.0,bluebird@2.0.2,^2.9.27
terraformer-wkt-parser@1.0.0,terraformer@0.1.0,~0.1.7
sequelize@4.13.5,generic-pool@3.0.0,^3.1.8
sequelize@4.13.5,toposort-class@1.0.0,^1.0.1
sequelize@4.13.5,moment-timezone@0.0.1,^0.5.4
sequelize@4.13.5,retry-as-promised@2.0.0,^2.3.1
sequelize@4.13.5,terraformer-wkt-parser@1.0.0,^1.1.2
passport@0.1.11,pkginfo@0.2.3,0.2.x
depd@0.0.0,supports-color@0.2.0,0.2.0
raw-body@1.0.0,bytes@0.0.1,~0.2.1
on-finished@2.0.0,ee-first@1.0.0,1.0.5
body-parser@1.8.1,qs@2.0.0,2.2.3
body-parser@1.8.1,depd@0.0.0,0.4.4
body-parser@1.8.1,bytes@1.0.0,1.0.0
body-parser@1.8.1,type-is@1.0.0,~1.5.1
body-parser@1.8.1,raw-body@1.0.0,1.3.0
body-parser@1.8.1,iconv-lite@0.1.0,0.4.4
body-parser@1.8.1,media-typer@0.0.0,0.3.0
body-parser@1.8.1,on-finished@2.0.0,2.1.0
meow@2.0.0,minimist@1.0.0,^1.1.0
meow@2.0.0,indent-string@1.0.0,^1.1.0
meow@2.0.0,object-assign@1.0.0,^1.0.0
meow@2.0.0,camelcase-keys@1.0.0,^1.0.0
base64url@1.0.0,concat-stream@1.0.0,^1.4.7
base64url@1.0.0,meow@2.0.0,^2.0.0
tap-producer@0.0.1,inherits@1.0.2,*
tap-producer@0.0.1,tap-results@0.0.1,0.x
tap-producer@0.0.1,yamlish@0.0.3,*
tap-harness@0.0.2,inherits@1.0.2,*
tap-harness@0.0.2,tap-results@0.0.1,0.x
tap-harness@0.0.2,yamlish@0.0.3,*
tap-harness@0.0.2,tap-producer@0.0.1,0.x
tap-harness@0.0.2,tap-assert@0.0.4,0.x
tap-consumer@0.0.1,inherits@1.0.2,*
tap-consumer@0.0.1,tap-results@0.0.1,0.x
tap-consumer@0.0.1,yamlish@0.0.3,*
tap-global-harness@0.0.1,inherits@1.0.2,*
tap-global-harness@0.0.1,tap-results@0.0.1,0.x
tap-global-harness@0.0.1,tap-test@0.0.1,0.x
tap-global-harness@0.0.1,tap-harness@0.0.2,0.x
tap-test@0.0.1,inherits@1.0.2,*
tap-test@0.0.1,tap-results@0.0.1,0.x
tap-test@0.0.1,yamlish@0.0.3,*
tap-test@0.0.1,tap-assert@0.0.4,0.x
tap-test@0.0.1,tap-harness@0.0.2,0.x
tap-runner@0.0.3,inherits@1.0.2,*
tap-runner@0.0.3,tap-results@0.0.1,0.x
tap-runner@0.0.3,yamlish@0.0.3,*
tap-runner@0.0.3,slide@1.1.1,*
tap-runner@0.0.3,tap-producer@0.0.1,0.x
tap-runner@0.0.3,tap-consumer@0.0.1,0.x
tap-runner@0.0.3,tap-assert@0.0.4,0.x
tap@0.0.1,yamlish@0.0.3,*
tap@0.0.1,inherits@1.0.2,*
tap@0.0.1,tap-test@0.0.1,0.x
tap@0.0.1,tap-assert@0.0.4,0.x
tap@0.0.1,tap-runner@0.0.3,0.x
tap@0.0.1,tap-harness@0.0.2,0.x
tap@0.0.1,tap-results@0.0.1,0.x
tap@0.0.1,tap-consumer@0.0.1,0.x
tap@0.0.1,tap-producer@0.0.1,0.x
tap@0.0.1,tap-global-harness@0.0.1,0.x
base64url@0.0.1,tap@0.0.1,~0.3.3
jwa@1.0.0,base64url@0.0.1,~0.0.4
jwa@1.0.0,buffer-equal-constant-time@1.0.0,^1.0.1
jws@3.0.0,jwa@1.0.0,~1.0.0
jws@3.0.0,base64url@1.0.0,~1.0.4
jsonwebtoken@5.0.4,jws@3.0.0,^3.0.0
ws@1.1.4,ultron@1.0.1,1.0.x
ws@1.1.4,options@0.0.1,>=0.0.5
url-parse-lax@1.0.0,prepend-http@1.0.0,^1.0.1
create-error-class@3.0.0,capture-stack-trace@1.0.0,^1.0.0
got@6.7.0,duplexer3@0.1.4,^0.1.4
got@6.7.0,is-stream@1.0.0,^1.0.0
got@6.7.0,timed-out@4.0.0,^4.0.0
got@6.7.0,get-stream@3.0.0,^3.0.0
got@6.7.0,is-redirect@1.0.0,^1.0.0
got@6.7.0,safe-buffer@5.0.0,^5.0.1
got@6.7.0,url-parse-lax@1.0.0,^1.0.0
got@6.7.0,lowercase-keys@1.0.0,^1.0.0
got@6.7.0,unzip-response@2.0.0,^2.0.1
got@6.7.0,is-retry-allowed@1.0.0,^1.0.0
got@6.7.0,create-error-class@3.0.0,^3.0.0
chalk@2.0.1,ansi-styles@3.0.0,^3.1.0
chalk@2.0.1,supports-color@4.0.0,^4.0.0
chalk@2.0.1,escape-string-regexp@1.0.0,^1.0.5
cliui@2.0.0,wordwrap@0.0.1,0.0.2
cliui@2.0.0,right-align@0.1.0,^0.1.1
cliui@2.0.0,center-align@0.1.0,^0.1.1
yargs@3.17.1,y18n@3.0.0,^3.0.0
yargs@3.17.1,cliui@2.0.0,^2.1.0
yargs@3.17.1,camelcase@1.0.0,^1.0.2
yargs@3.17.1,decamelize@1.0.0,^1.0.0
yargs@3.17.1,window-size@0.1.0,^0.1.1
strip-ansi@5.0.0,ansi-regex@4.0.0,^4.0.0
rxjs@6.0.0,tslib@1.0.0,^1.9.0
inquirer@6.2.1,rxjs@6.0.0,^6.1.0
inquirer@6.2.1,chalk@2.0.0,^2.0.0
inquirer@6.2.1,lodash@4.0.0,^4.17.10
inquirer@6.2.1,figures@2.0.0,^2.0.0
inquirer@6.2.1,through@2.0.0,^2.3.6
inquirer@6.2.1,cli-width@2.0.0,^2.0.0
inquirer@6.2.1,run-async@2.0.0,^2.2.0
inquirer@6.2.1,cli-cursor@2.0.0,^2.1.0
inquirer@6.2.1,strip-ansi@5.0.0,^5.0.0
inquirer@6.2.1,mute-stream@0.0.1,0.0.7
inquirer@6.2.1,ansi-escapes@3.0.0,^3.0.0
inquirer@6.2.1,string-width@2.0.0,^2.1.0
external-editor@3.0.0,chardet@0.0.3,^0.5.0
external-editor@3.0.0,iconv-lite@0.1.0,^0.4.22
external-editor@3.0.0,tmp@0.0.1,^0.0.33
inquirer@6.2.1,external-editor@3.0.0,^3.0.0
glob@4.0.0,inherits@1.0.2,2
glob@4.0.0,minimatch@0.0.1,^0.3.0
rimraf@2.3.4,glob@4.0.0,^4.4.2
rollup@1.8.0,acorn@6.0.0,^6.1.1
rollup@1.8.0,@types/node@11.9.0,^11.11.6
rollup@1.8.0,@types/estree@0.0.28,0.0.39
babel-loader@6.2.3,mkdirp@0.0.1,^0.5.1
babel-loader@6.2.3,loader-utils@0.1.0,^0.2.11
babel-loader@6.2.3,object-assign@4.0.0,^4.0.1
chalk@3.0.0,ansi-styles@4.0.0,^4.1.0
chalk@3.0.0,supports-color@7.0.0,^7.1.0
jsonfile@4.0.0,graceful-fs@4.1.0,^4.1.6
fs-extra@8.0.0,jsonfile@4.0.0,^4.0.0
fs-extra@8.0.0,graceful-fs@4.1.0,^4.1.2
fs-extra@8.0.0,universalify@0.0.1,^0.1.0
postcss-js@2.0.0,postcss@7.0.0,^7.0.0
postcss-js@2.0.0,camelcase-css@2.0.0,^2.0.0
acorn5-object-spread@5.0.0,acorn@5.0.0,^5.2.1
detective@5.0.0,acorn@5.0.0,^5.2.1
detective@5.0.0,acorn5-object-spread@5.0.0,^5.0.0
detective@5.0.0,defined@1.0.0,^1.0.0
color-string@1.0.0,color-name@1.0.0,^1.0.0
color-string@1.0.0,simple-swizzle@0.1.0,^0.1.0
color@3.0.0,color-string@1.0.0,^1.5.2
color@3.0.0,color-convert@1.0.0,^1.9.1
tailwindcss@1.8.11,bytes@3.0.0,^3.0.0
tailwindcss@1.8.11,chalk@3.0.0,^3.0.0 || ^4.0.0
tailwindcss@1.8.11,color@3.0.0,^3.1.2
tailwindcss@1.8.11,lodash@4.0.0,^4.17.20
tailwindcss@1.8.11,postcss@7.0.0,^7.0.11
tailwindcss@1.8.11,resolve@1.0.0,^1.14.2
tailwindcss@1.8.11,fs-extra@8.0.0,^8.0.0
tailwindcss@1.8.11,detective@5.0.0,^5.2.0
tailwindcss@1.8.11,html-tags@3.0.0,^3.1.0
tailwindcss@1.8.11,node-emoji@1.0.1,^1.8.1
tailwindcss@1.8.11,postcss-js@2.0.0,^2.0.0
tailwindcss@1.8.11,object-hash@2.0.0,^2.0.3
autoprefixer@9.0.0,postcss@7.0.0,^7.0.0
autoprefixer@9.0.0,browserslist@4.0.0,^4.0.1
autoprefixer@9.0.0,caniuse-lite@1.0.30000655,^1.0.30000865
autoprefixer@9.0.0,num2fraction@1.0.0,^1.2.2
autoprefixer@9.0.0,normalize-range@0.1.0,^0.1.2
autoprefixer@9.0.0,postcss-value-parser@3.0.0,^3.2.3
dot-prop@4.0.0,is-obj@1.0.0,^1.0.0
postcss-functions@3.0.0,glob@7.0.0,^7.1.2
postcss-functions@3.0.0,object-assign@4.0.0,^4.1.1
postcss-functions@3.0.0,postcss@6.0.0,^6.0.9
postcss-functions@3.0.0,postcss-value-parser@3.0.0,^3.3.0
reduce-css-calc@2.0.0,css-unit-converter@1.0.0,^1.1.1
reduce-css-calc@2.0.0,postcss-value-parser@3.0.0,^3.3.0
postcss-selector-parser@6.0.0,uniq@1.0.0,^1.0.1
postcss-selector-parser@6.0.0,cssesc@3.0.0,^3.0.0
postcss-selector-parser@6.0.0,indexes-of@1.0.0,^1.0.1
postcss-selector-parser@3.0.0,uniq@1.0.0,^1.0.1
postcss-selector-parser@3.0.0,dot-prop@4.0.0,^4.1.1
postcss-selector-parser@3.0.0,indexes-of@1.0.0,^1.0.1
postcss-nested@4.0.0,postcss@7.0.0,^7.0.2
postcss-nested@4.0.0,postcss-selector-parser@3.0.0,^3.1.1
purgecss@2.0.2,glob@7.0.0,^7.0.0
purgecss@2.0.2,postcss@7.0.0,7.0.26
purgecss@2.0.2,commander@4.0.0,^4.0.0
purgecss@2.0.2,postcss-selector-parser@6.0.0,^6.0.2
@fullhuman/postcss-purgecss@2.0.3,postcss@7.0.0,7.0.26
@fullhuman/postcss-purgecss@2.0.3,purgecss@2.0.2,^2.0.3
tailwindcss@1.8.11,autoprefixer@9.0.0,^9.4.5
tailwindcss@1.8.11,browserslist@4.0.0,^4.12.0
tailwindcss@1.8.11,normalize.css@8.0.0,^8.0.1
tailwindcss@1.8.11,pretty-hrtime@1.0.0,^1.0.3
tailwindcss@1.8.11,postcss-nested@4.0.0,^4.1.1
tailwindcss@1.8.11,reduce-css-calc@2.0.0,^2.1.6
tailwindcss@1.8.11,postcss-functions@3.0.0,^3.0.0
tailwindcss@1.8.11,postcss-value-parser@4.0.0,^4.1.0
tailwindcss@1.8.11,postcss-selector-parser@6.0.0,^6.0.0
tailwindcss@1.8.11,@fullhuman/postcss-purgecss@2.0.3,^2.1.2
rollup@2.0.0,fsevents@2.0.0,~2.1.2
vite@2.8.0,rollup@2.0.0,^2.59.0
vite@2.8.0,esbuild@0.0.0,^0.14.14
vite@2.8.0,postcss@8.0.0,^8.4.5
vite@2.8.0,resolve@1.0.0,^1.22.0
fs-extra@7.0.0,jsonfile@4.0.0,^4.0.0
fs-extra@7.0.0,graceful-fs@4.1.0,^4.1.2
fs-extra@7.0.0,universalify@0.0.1,^0.1.0
fs-extra@4.0.0,jsonfile@3.0.0,^3.0.0
fs-extra@4.0.0,graceful-fs@4.1.0,^4.1.2
fs-extra@4.0.0,universalify@0.0.1,^0.1.0
shebang-command@1.0.0,shebang-regex@1.0.0,^1.0.0
cross-spawn@5.0.0,which@1.0.0,^1.2.9
cross-spawn@5.0.0,lru-cache@4.0.0,^4.0.1
cross-spawn@5.0.0,shebang-command@1.0.0,^1.2.0
bl@0.0.0,readable-stream@1.0.0,~1.0.2
tar-stream@1.0.0,bl@0.0.0,^0.9.0
tar-stream@1.0.0,xtend@4.0.0,^4.0.0
tar-stream@1.0.0,end-of-stream@1.0.0,^1.0.0
tar-stream@1.0.0,readable-stream@1.0.0,^1.0.27-1
ajv@5.0.0,co@4.0.0,^4.6.0
ajv@5.0.0,json-stable-stringify@1.0.0,^1.0.1
rx-lite-aggregates@4.0.0,rx-lite@2.5.0,*
graphcool-inquirer@1.0.0,ansi-escapes@3.0.0,^3.0.0
graphcool-inquirer@1.0.0,chalk@2.0.0,^2.0.0
graphcool-inquirer@1.0.0,cli-cursor@2.0.0,^2.1.0
graphcool-inquirer@1.0.0,cli-width@2.0.0,^2.0.0
graphcool-inquirer@1.0.0,external-editor@2.0.0,^2.0.4
graphcool-inquirer@1.0.0,figures@2.0.0,^2.0.0
graphcool-inquirer@1.0.0,lodash@4.0.0,^4.3.0
graphcool-inquirer@1.0.0,mute-stream@0.0.1,0.0.7
graphcool-inquirer@1.0.0,run-async@2.0.0,^2.2.0
graphcool-inquirer@1.0.0,rx-lite@4.0.0,^4.0.8
graphcool-inquirer@1.0.0,rx-lite-aggregates@4.0.0,^4.0.8
graphcool-inquirer@1.0.0,string-width@2.0.0,^2.1.0
graphcool-inquirer@1.0.0,strip-ansi@4.0.0,^4.0.0
graphcool-inquirer@1.0.0,through@2.0.0,^2.3.6
array-union@1.0.0,array-uniq@1.0.0,^1.0.0
globby@6.0.0,glob@7.0.0,^7.0.3
globby@6.0.0,pify@2.0.0,^2.0.0
globby@6.0.0,array-union@1.0.0,^1.0.1
globby@6.0.0,object-assign@4.0.0,^4.0.1
globby@6.0.0,pinkie-promise@2.0.0,^2.0.0
lazystream@0.1.0,readable-stream@1.0.0,~1.0.2
archiver-utils@1.0.0,glob@7.0.0,^7.0.0
archiver-utils@1.0.0,lazystream@0.1.0,^0.1.0
archiver-utils@1.0.0,lodash@4.0.0,^4.8.0
archiver-utils@1.0.0,normalize-path@2.0.0,^2.0.0
archiver-utils@1.0.0,readable-stream@2.0.0,^2.0.0
download-github-repo@0.0.1,rimraf@2.0.0,~2.2.6
download-github-repo@0.0.1,wget@0.0.0,0.0.1
download-github-repo@0.0.1,tar@0.0.1,~0.1.19
execSync@1.0.2,temp@0.2.0,~0.5.1
copy-paste@1.0.0,execSync@1.0.2,~1.0.0
redeyed@1.0.0,esprima@2.0.0,~2.7.0
cardinal@1.0.0,ansicolors@0.1.0,~0.2.1
cardinal@1.0.0,redeyed@1.0.0,~1.0.0
@types/fs-extra@4.0.0,@types/node@12.12.19,*
crc32-stream@1.0.0,buffer-crc32@0.1.0,^0.2.1
crc32-stream@1.0.0,readable-stream@2.0.0,^2.0.0
compress-commons@1.0.0,node-int64@0.1.0,^0.4.0
compress-commons@1.0.0,buffer-crc32@0.1.0,^0.2.1
compress-commons@1.0.0,crc32-stream@1.0.0,^1.0.0
compress-commons@1.0.0,normalize-path@2.0.0,^2.0.0
compress-commons@1.0.0,readable-stream@2.0.0,^2.0.0
zip-stream@1.0.0,lodash@4.0.0,^4.8.0
zip-stream@1.0.0,archiver-utils@1.0.0,^1.0.0
zip-stream@1.0.0,readable-stream@2.0.0,^2.0.0
zip-stream@1.0.0,compress-commons@1.0.0,^1.0.0
archiver@2.0.0,glob@7.0.0,^7.0.0
archiver@2.0.0,async@2.0.0,^2.0.0
archiver@2.0.0,lodash@4.0.0,^4.8.0
archiver@2.0.0,walkdir@0.0.1,^0.0.11
archiver@2.0.0,tar-stream@1.0.0,^1.5.0
archiver@2.0.0,zip-stream@1.0.0,^1.2.0
archiver@2.0.0,buffer-crc32@0.1.0,^0.2.1
archiver@2.0.0,archiver-utils@1.0.0,^1.3.0
archiver@2.0.0,readable-stream@2.0.0,^2.0.0
prisma-cli-engine@1.0.0,@heroku/linewrap@1.0.0,^1.0.0
prisma-cli-engine@1.0.0,@types/fs-extra@4.0.0,^4.0.2
prisma-cli-engine@1.0.0,ajv@5.0.0,^5.2.2
prisma-cli-engine@1.0.0,ansi-escapes@3.0.0,^3.0.0
prisma-cli-engine@1.0.0,ansi-styles@3.0.0,^3.2.0
prisma-cli-engine@1.0.0,bluebird@3.0.0,^3.5.0
prisma-cli-engine@1.0.0,cache-require-paths@0.1.0,^0.3.0
prisma-cli-engine@1.0.0,callsites@2.0.0,^2.0.0
prisma-cli-engine@1.0.0,cardinal@1.0.0,^1.0.0
prisma-cli-engine@1.0.0,chalk@2.0.0,^2.2.0
prisma-cli-engine@1.0.0,charm@1.0.0,^1.0.2
prisma-cli-engine@1.0.0,debug@3.0.0,^3.0.1
lodash.includes@4.0.0,lodash._arraymap@3.0.0,^3.0.0
lodash.includes@4.0.0,lodash.keys@4.0.0,^4.0.0
graphql@0.0.2,6to5-runtime@3.0.0,^3.3.4
prisma-cli-core@1.0.0,archiver@2.0.0,^2.0.3
prisma-cli-core@1.0.0,callsites@2.0.0,^2.0.0
prisma-cli-core@1.0.0,chalk@2.0.0,^2.2.0
prisma-cli-core@1.0.0,chokidar@1.0.0,^1.7.0
prisma-cli-core@1.0.0,copy-paste@1.0.0,^1.3.0
prisma-cli-core@1.0.0,cross-spawn@5.0.0,^5.1.0
prisma-cli-core@1.0.0,download-github-repo@0.0.1,^0.1.3
prisma-cli-core@1.0.0,figures@2.0.0,^2.0.0
prisma-cli-core@1.0.0,fs-extra@4.0.0,^4.0.2
prisma-cli-core@1.0.0,globby@6.0.0,^6.1.0
prisma-cli-core@1.0.0,graphcool-inquirer@1.0.0,^1.0.3
prisma-cli-core@1.0.0,graphql@0.0.2,^0.11.7
klaw-sync@3.0.0,graceful-fs@4.1.0,^4.1.11
graphql-request@1.0.0,isomorphic-fetch@2.0.0,^2.2.1
encoding@0.1.1,iconv-lite@0.4.2,*
encoding@0.1.1,iconv@2.0.4,*
node-fetch@1.0.0,encoding@0.1.1,^0.1.11
isomorphic-fetch@2.0.0,node-fetch@1.0.0,^1.0.1
isomorphic-fetch@2.0.0,whatwg-fetch@2.0.2,git+https://github.com/matthew-andrews/fetch#ie9
lodash.once@4.0.0,lodash.before@4.0.0,^4.0.0
jsonwebtoken@8.0.0,ms@2.0.0,^2.0.0
jsonwebtoken@8.0.0,jws@3.0.0,^3.1.4
jsonwebtoken@8.0.0,xtend@4.0.0,^4.0.1
jsonwebtoken@8.0.0,lodash.once@4.0.0,^4.0.0
jsonwebtoken@8.0.0,lodash.isarray@4.0.0,^4.0.0
jsonwebtoken@8.0.0,lodash.includes@4.0.0,^4.3.0
jsonwebtoken@8.0.0,lodash.isnumber@3.0.0,^3.0.3
jsonwebtoken@8.0.0,lodash.isstring@4.0.0,^4.0.1
jsonwebtoken@8.0.0,lodash.isboolean@3.0.0,^3.0.3
jsonwebtoken@8.0.0,lodash.isinteger@4.0.0,^4.0.4
jsonwebtoken@8.0.0,lodash.isplainobject@4.0.0,^4.0.6
graphql-config@1.0.0,rimraf@2.0.0,^2.6.1
graphql-config@1.0.0,graphql@0.0.2,0.7.1 - 1.0.0
graphql-config@1.0.0,js-yaml@3.0.0,^3.9.0
graphql-config@1.0.0,minimatch@3.0.0,^3.0.4
graphql-config@1.0.0,graphql-request@1.0.0,^1.2.0
npm-path@2.0.0,which@1.0.0,^1.2.10
lodash._setcache@4.0.0,lodash._mapcache@4.0.0,^3.0.0
lodash.differenceby@4.0.0,lodash._arrayincludes@4.0.0,^3.0.0
lodash.differenceby@4.0.0,lodash._arrayincludeswith@4.0.0,^3.0.0
lodash.differenceby@4.0.0,lodash._arraymap@3.0.0,^3.0.0
lodash.differenceby@4.0.0,lodash._baseflatten@4.0.0,^4.0.0
lodash.differenceby@4.0.0,lodash._baseisequal@4.0.0,^4.0.0
lodash.differenceby@4.0.0,lodash._baseismatch@4.0.0,^4.0.0
lodash.differenceby@4.0.0,lodash._cachehas@4.0.0,^3.0.0
lodash.differenceby@4.0.0,lodash._setcache@4.0.0,^3.0.0
lodash.differenceby@4.0.0,lodash.get@4.0.0,^4.0.0
lodash.differenceby@4.0.0,lodash.hasin@4.0.0,^4.0.0
lodash.differenceby@4.0.0,lodash.rest@4.0.0,^4.0.0
lodash.differenceby@4.0.0,lodash.topairs@4.0.0,^4.0.0
lodash._createwrapper@4.0.0,lodash._root@3.0.0,^3.0.0
lodash.ary@4.0.0,lodash._createwrapper@4.0.0,^4.0.0
prisma-cli-engine@1.0.0,directory-tree@2.0.0,^2.0.0
prisma-cli-engine@1.0.0,dotenv@4.0.0,^4.0.0
prisma-cli-engine@1.0.0,find-up@2.0.0,^2.1.0
prisma-cli-engine@1.0.0,fs-extra@4.0.0,^4.0.2
prisma-cli-engine@1.0.0,graphcool-inquirer@1.0.0,^1.0.3
prisma-cli-engine@1.0.0,graphql-request@1.0.0,^1.3.4
prisma-cli-engine@1.0.0,isomorphic-fetch@2.0.0,^2.2.1
prisma-cli-engine@1.0.0,jsonwebtoken@8.0.0,^8.1.0
prisma-cli-engine@1.0.0,klaw-sync@3.0.0,^3.0.0
prisma-cli-engine@1.0.0,lodash@4.0.0,^4.17.4
prisma-cli-engine@1.0.0,lodash.ary@4.0.0,^4.1.1
prisma-cli-engine@1.0.0,lodash.defaults@4.0.0,^4.2.0
npm-path@1.0.0,which@1.0.0,^1.0.5
npm-which@2.0.0,commander@2.0.0,^2.2.0
npm-which@2.0.0,npm-path@1.0.0,^1.0.0
npm-which@2.0.0,which@1.0.0,^1.0.5
lodash.isplainobject@3.0.0,lodash._basefor@3.0.0,^3.0.0
lodash.isplainobject@3.0.0,lodash.isnative@3.0.0,^3.0.0
lodash.isplainobject@3.0.0,lodash.keysin@3.0.0,^3.0.0
lodash.keysin@3.0.0,lodash.isarguments@3.0.0,^3.0.0
lodash.keysin@3.0.0,lodash.isarray@3.0.0,^3.0.0
lodash.keysin@3.0.0,lodash.support@3.0.0,^3.0.0
multimatch@2.0.0,minimatch@2.0.0,^2.0.1
multimatch@2.0.0,array-union@1.0.0,^1.0.1
multimatch@2.0.0,array-differ@1.0.0,^1.0.0
lodash.flatten@4.0.0,lodash._baseflatten@4.0.0,^4.0.0
lodash.uniqby@4.0.0,lodash._arrayincludes@4.0.0,^3.0.0
lodash.uniqby@4.0.0,lodash._arrayincludeswith@4.0.0,^3.0.0
lodash.uniqby@4.0.0,lodash._baseisequal@4.0.0,^4.0.0
lodash.uniqby@4.0.0,lodash._baseismatch@4.0.0,^4.0.0
lodash.uniqby@4.0.0,lodash._cachehas@4.0.0,^3.0.0
lodash.uniqby@4.0.0,lodash._setcache@4.0.0,^3.0.0
lodash.uniqby@4.0.0,lodash.get@4.0.0,^4.0.0
lodash.uniqby@4.0.0,lodash.hasin@4.0.0,^4.0.0
lodash.uniqby@4.0.0,lodash.topairs@4.0.0,^4.0.0
lodash.result@4.0.0,lodash._baseslice@4.0.0,^4.0.0
lodash.result@4.0.0,lodash.get@4.0.0,^4.0.0
lodash.toplainobject@3.0.0,lodash._basecopy@3.0.0,^3.0.0
lodash.toplainobject@3.0.0,lodash.keysin@3.0.0,^3.0.0
lodash.merge@3.2.0,lodash._arraycopy@3.0.0,^3.0.0
lodash.merge@3.2.0,lodash._arrayeach@3.0.0,^3.0.0
lodash.merge@3.2.0,lodash._createassigner@3.0.0,^3.0.0
lodash.merge@3.2.0,lodash.isarguments@3.0.0,^3.0.0
lodash.merge@3.2.0,lodash.isarray@3.0.0,^3.0.0
lodash.merge@3.2.0,lodash.isnative@3.0.0,^3.0.0
lodash.merge@3.2.0,lodash.isplainobject@3.0.0,^3.0.0
lodash.merge@3.2.0,lodash.istypedarray@3.0.0,^3.0.0
lodash.merge@3.2.0,lodash.keys@3.0.0,^3.0.0
lodash.merge@3.2.0,lodash.keysin@3.0.0,^3.0.0
lodash.merge@3.2.0,lodash.toplainobject@3.0.0,^3.0.0
yargs-parser@7.0.0,camelcase@4.0.0,^4.1.0
read-pkg@2.0.0,path-type@2.0.0,^2.0.0
read-pkg@2.0.0,load-json-file@2.0.0,^2.0.0
read-pkg@2.0.0,normalize-package-data@2.0.0,^2.3.2
read-pkg-up@2.0.0,find-up@2.0.0,^2.0.0
read-pkg-up@2.0.0,read-pkg@2.0.0,^2.0.0
mem@1.0.0,mimic-fn@1.0.0,^1.0.0
log-symbols@1.0.0,chalk@0.1.0,^0.5.1
ora@1.0.0,chalk@1.0.0,^1.1.1
ora@1.0.0,cli-cursor@2.0.0,^2.1.0
ora@1.0.0,log-symbols@1.0.0,^1.0.2
ora@1.0.0,cli-spinners@1.0.0,^1.0.0
lodash._baseeach@4.0.0,lodash.keys@4.0.0,^4.0.0
lodash.groupby@4.0.0,lodash._baseeach@4.0.0,^4.0.0
lodash.groupby@4.0.0,lodash._baseisequal@4.0.0,^4.0.0
lodash.groupby@4.0.0,lodash._baseismatch@4.0.0,^4.0.0
lodash.groupby@4.0.0,lodash.get@4.0.0,^4.0.0
lodash.groupby@4.0.0,lodash.hasin@4.0.0,^4.0.0
lodash.groupby@4.0.0,lodash.topairs@4.0.0,^4.0.0
lodash.maxby@4.1.1,lodash._baseisequal@4.0.0,^4.0.0
lodash.maxby@4.1.1,lodash._baseismatch@4.0.0,^4.0.0
lodash.maxby@4.1.1,lodash.get@4.0.0,^4.0.0
lodash.maxby@4.1.1,lodash.hasin@4.0.0,^4.0.0
lodash.maxby@4.1.1,lodash.topairs@4.0.0,^4.0.0
lodash.maxby@4.1.1,lodash.tostring@4.0.0,^4.0.0
lodash._createwrapper@3.0.0,lodash._arraycopy@3.0.0,^3.0.0
lodash._createwrapper@3.0.0,lodash._basecreate@3.0.0,^3.0.0
lodash._createwrapper@3.0.0,lodash._replaceholders@3.0.0,^3.0.0
lodash._createwrapper@3.0.0,lodash.isfunction@3.0.0,^3.0.0
lodash.partial@4.0.0,lodash._createwrapper@3.0.0,^3.0.0
lodash.partial@4.0.0,lodash.rest@4.0.0,^4.0.0
prisma-cli-engine@1.0.0,lodash.flatten@4.0.0,^4.4.0
prisma-cli-engine@1.0.0,lodash.get@4.0.0,^4.4.2
prisma-cli-engine@1.0.0,lodash.groupby@4.0.0,^4.6.0
prisma-cli-engine@1.0.0,lodash.identity@3.0.0,^3.0.0
prisma-cli-engine@1.0.0,lodash.keys@4.0.0,^4.2.0
prisma-cli-engine@1.0.0,lodash.maxby@4.1.1,4.x
prisma-cli-engine@1.0.0,lodash.merge@3.2.0,4.x
prisma-cli-engine@1.0.0,lodash.partial@4.0.0,^4.2.1
prisma-cli-engine@1.0.0,lodash.property@4.0.0,^4.4.2
prisma-cli-engine@1.0.0,lodash.result@4.0.0,^4.5.2
prisma-cli-engine@1.0.0,lodash.uniqby@4.0.0,^4.7.0
prisma-cli-engine@1.0.0,marked@0.0.1,^0.3.6
disparity@2.0.0,ansi-styles@2.0.0,^2.0.1
disparity@2.0.0,diff@1.0.0,^1.3.2
global-modules@0.1.0,global-prefix@0.1.0,^0.1.0
npm-paths@0.1.1,global-modules@0.1.0,^0.2.0
npm-paths@0.1.1,is-windows@0.1.0,^0.1.0
babel@4.0.1,chalk@0.1.0,^0.5.1
babel@4.0.1,debug@2.0.0,^2.1.1
babel@4.0.1,lodash@3.0.0,3.0.0
babel@4.0.1,core-js@0.0.3,^0.5.4
babel@4.0.1,esutils@1.0.0,1.1.6
babel@4.0.1,globals@5.0.0,^5.1.0
babel@4.0.1,private@0.0.1,0.1.6
babel@4.0.1,regexpu@1.0.0,1.1.0
babel@4.0.1,chokidar@0.1.1,0.12.6
babel@4.0.1,ast-types@0.1.1,~0.6.1
babel@4.0.1,commander@2.0.0,2.6.0
babel@4.0.1,useragent@2.0.0,^2.1.5
execa@0.1.0,strip-eof@1.0.0,^1.0.0
execa@0.1.0,object-assign@4.0.0,^4.0.1
execa@0.1.0,cross-spawn-async@2.0.0,2.0.1
os-locale@2.0.0,mem@1.0.0,^1.1.0
os-locale@2.0.0,lcid@1.0.0,^1.0.0
os-locale@2.0.0,execa@0.1.0,^0.5.0
yargs@9.0.0,y18n@3.0.0,^3.2.1
yargs@9.0.0,cliui@3.0.0,^3.2.0
yargs@9.0.0,camelcase@4.0.0,^4.1.0
yargs@9.0.0,os-locale@2.0.0,^2.0.0
yargs@9.0.0,decamelize@1.0.0,^1.1.1
yargs@9.0.0,read-pkg-up@2.0.0,^2.0.0
yargs@9.0.0,set-blocking@2.0.0,^2.0.0
yargs@9.0.0,string-width@2.0.0,^2.0.0
yargs@9.0.0,which-module@2.0.0,^2.0.0
yargs@9.0.0,yargs-parser@7.0.0,^7.0.0
yargs@9.0.0,get-caller-file@1.0.0,^1.0.1
yargs@9.0.0,require-directory@2.0.0,^2.1.1
yargs@9.0.0,require-main-filename@1.0.0,^1.0.1
graphql-cli@2.0.0,opn@5.0.0,^5.1.0
graphql-cli@2.0.0,ora@1.0.0,^1.3.0
graphql-cli@2.0.0,chalk@2.0.0,^2.3.0
graphql-cli@2.0.0,yargs@9.0.0,^9.0.1
graphql-cli@2.0.0,lodash@4.0.0,^4.17.4
graphql-cli@2.0.0,express@4.0.0,^4.16.2
graphql-cli@2.0.0,graphql@0.0.2,^0.11.7
graphql-cli@2.0.0,js-yaml@3.0.0,^3.9.0
graphql-cli@2.0.0,inquirer@3.0.0,^3.2.0
graphql-cli@2.0.0,disparity@2.0.0,^2.0.0
graphql-cli@2.0.0,npm-paths@0.1.1,^0.1.3
graphql-cli@2.0.0,node-fetch@1.0.0,^1.7.3
tape@3.0.0,glob@3.0.0,~3.2.9
tape@3.0.0,defined@0.0.0,~0.0.0
tape@3.0.0,resumer@0.0.0,~0.0.0
tape@3.0.0,through@2.0.0,~2.3.4
tape@3.0.0,inherits@2.0.0,~2.0.1
tape@3.0.0,deep-equal@0.0.0,~0.2.0
tape@3.0.0,object-inspect@0.0.0,~0.4.0
prisma-yml@1.0.0,ajv@5.0.0,^5.5.1
prisma-yml@1.0.0,bluebird@3.0.0,^3.5.1
prisma-yml@1.0.0,chalk@2.0.0,^2.3.0
prisma-yml@1.0.0,debug@3.0.0,^3.1.0
prisma-yml@1.0.0,dotenv@4.0.0,^4.0.0
prisma-yml@1.0.0,fs-extra@4.0.0,^4.0.3
prisma-yml@1.0.0,isomorphic-fetch@2.0.0,^2.2.1
prisma-yml@1.0.0,js-yaml@3.0.0,^3.10.0
prisma-yml@1.0.0,json-stable-stringify@1.0.0,^1.0.1
prisma-yml@1.0.0,jsonwebtoken@8.0.0,^8.1.0
prisma-yml@1.0.0,lodash@4.0.0,^4.17.4
prisma-yml@1.0.0,prisma-json-schema@0.0.0,^0.0.1
body-parser@1.0.0,qs@0.0.1,~0.6.6
body-parser@1.0.0,raw-body@1.0.0,~1.1.2
graphql-schema-linter@0.0.1,graphql@0.0.2,^0.10.1
graphql-schema-linter@0.0.1,graphql-config@1.0.0,^1.0.0
graphql-schema-linter@0.0.1,minimist@1.0.0,^1.2.0
babel@4.0.1,estraverse@1.0.0,1.9.1
babel@4.0.1,roadrunner@1.0.0,1.0.4
babel@4.0.1,source-map@0.0.0,0.1.43
babel@4.0.1,acorn-babel@0.11.1-38,0.11.1-32
babel@4.0.1,js-tokenizer@1.0.0,1.3.3
babel@4.0.1,detect-indent@3.0.0,3.0.0
babel@4.0.1,supports-color@1.0.0,1.2.0
babel@4.0.1,output-file-sync@1.0.0,1.1.0
babel@4.0.1,regenerator-babel@0.8.13-2,0.8.10-1
babel@4.0.1,source-map-support@0.1.0,0.2.9
babel@4.0.1,fs-readdir-recursive@0.0.1,0.1.0
protochain@1.0.0,babel@4.0.1,^4.6.6
protochain@1.0.0,tape@3.0.0,^3.5.0
serializerr@1.0.0,protochain@1.0.0,^1.0.1
npm-run@4.0.0,minimist@1.0.0,^1.2.0
npm-run@4.0.0,npm-path@2.0.0,^2.0.0
npm-run@4.0.0,npm-which@2.0.0,^2.0.0
npm-run@4.0.0,serializerr@1.0.0,^1.0.2
npm-run@4.0.0,sync-exec@0.3.0,^0.6.2
through2@2.0.0,xtend@4.0.0,~4.0.0
through2@2.0.0,readable-stream@2.0.0,~2.0.0
memfs@2.0.1,fast-extend@0.0.1,0.0.2
rwlockfile@1.0.0,ps-node@0.0.1,0.1.4
rwlockfile@1.0.0,graceful-fs@4.1.0,>= 4.0.0
raven@2.0.0,uuid@3.0.0,3.0.0
raven@2.0.0,lsmod@1.0.0,1.0.0
raven@2.0.0,cookie@0.0.0,0.3.1
raven@2.0.0,timed-out@4.0.0,4.0.1
raven@2.0.0,stack-trace@0.0.1,0.0.9
raven@2.0.0,json-stringify-safe@5.0.0,5.0.1
yaml-ast-parser@0.0.18,underscore@1.0.3,^1.8.3
prisma-yml@1.0.0,replaceall@0.0.1,^0.1.6
prisma-yml@1.0.0,scuid@1.0.1,^1.0.2
prisma-yml@1.0.0,yaml-ast-parser@0.0.18,^0.0.40
cli-table@0.0.1,colors@0.3.0,0.3.0
marked-terminal@2.0.0,chalk@1.0.0,^1.1.3
marked-terminal@2.0.0,cardinal@1.0.0,^1.0.0
marked-terminal@2.0.0,cli-table@0.0.1,^0.3.1
marked-terminal@2.0.0,node-emoji@1.0.1,^1.4.1
marked-terminal@2.0.0,lodash.assign@4.0.0,^4.2.0
prisma-cli-engine@1.0.0,marked-terminal@2.0.0,^2.0.0
prisma-cli-engine@1.0.0,memfs@2.0.1,^2.5.3
prisma-cli-engine@1.0.0,opn@5.0.0,^5.1.0
prisma-cli-engine@1.0.0,prisma-json-schema@0.0.0,^0.0.1
prisma-cli-engine@1.0.0,prisma-yml@1.0.0,1.0.0
prisma-cli-engine@1.0.0,raven@2.0.0,2.3.0
prisma-cli-engine@1.0.0,replaceall@0.0.1,^0.1.6
prisma-cli-engine@1.0.0,rwlockfile@1.0.0,^1.4.8
prisma-cli-engine@1.0.0,scuid@1.0.1,^1.0.2
prisma-cli-engine@1.0.0,serialize-error@2.0.0,^2.1.0
prisma-cli-engine@1.0.0,source-map-support@0.1.0,^0.4.18
prisma-cli-engine@1.0.0,string@1.3.1,3.x
semver-diff@2.0.0,semver@4.0.0,^4.0.0
ansi-align@1.0.0,string-width@1.0.0,^1.0.1
widest-line@1.0.0,string-width@1.0.0,^1.0.1
camel-case@1.0.0,sentence-case@0.0.1,^0.1.1
express-request-proxy@2.0.0,async@1.0.0,^1.4.0
express-request-proxy@2.0.0,body-parser@1.0.0,^1.12.0
express-request-proxy@2.0.0,camel-case@1.0.0,^1.1.1
express-request-proxy@2.0.0,debug@2.0.0,^2.1.1
express-request-proxy@2.0.0,lodash@4.0.0,^4.6.1
express-request-proxy@2.0.0,lru-cache@4.0.0,^4.0.0
express-request-proxy@2.0.0,path-to-regexp@1.0.0,^1.1.1
express-request-proxy@2.0.0,request@2.0.0,^2.53.0
express-request-proxy@2.0.0,simple-errors@1.0.0,^1.0.0
express-request-proxy@2.0.0,through2@2.0.0,^2.0.0
express-request-proxy@2.0.0,type-is@1.0.0,^1.6.6
express-request-proxy@2.0.0,url-join@0.0.1,0.0.1
graphql-cli@2.0.0,graphql-config@1.0.0,^1.0.7
graphql-cli@2.0.0,express-request-proxy@2.0.0,^2.0.0
graphql-cli@2.0.0,graphql-schema-linter@0.0.1,^0.0.18
graphql-cli@2.0.0,graphql-playground-middleware-express@1.0.0,^1.1.4
prisma-cli-core@1.0.0,graphql-cli@2.0.0,2.12.2
prisma-cli-core@1.0.0,graphql-config@1.0.0,^1.0.9
prisma-cli-core@1.0.0,inquirer@3.0.0,^3.3.0
prisma-cli-core@1.0.0,isomorphic-fetch@2.0.0,^2.2.1
prisma-cli-core@1.0.0,js-yaml@3.0.0,^3.9.1
prisma-cli-core@1.0.0,jwt-decode@2.0.0,^2.2.0
prisma-cli-core@1.0.0,lodash@4.0.0,^4.17.4
prisma-cli-core@1.0.0,lodash.differenceby@4.0.0,^4.8.0
prisma-cli-core@1.0.0,multimatch@2.0.0,^2.1.0
prisma-cli-core@1.0.0,node-forge@0.1.2,^0.7.1
prisma-cli-core@1.0.0,npm-run@4.0.0,^4.1.2
prisma-cli-core@1.0.0,opn@5.0.0,^5.1.0
string-similarity@1.0.0,lodash@2.0.0,^2.4.1
write-file-atomic@1.0.0,slide@1.0.0,^1.1.5
term-size@0.1.0,execa@0.1.0,^0.4.0
boxen@1.0.0,chalk@1.0.0,^1.1.1
boxen@1.0.0,camelcase@4.0.0,^4.0.0
boxen@1.0.0,cli-boxes@1.0.0,^1.0.0
boxen@1.0.0,term-size@0.1.0,^0.1.0
boxen@1.0.0,ansi-align@1.0.0,^1.1.0
boxen@1.0.0,widest-line@1.0.0,^1.0.0
boxen@1.0.0,string-width@2.0.0,^2.0.0
registry-url@3.0.0,rc@0.0.1,^0.6.0
sillyname@0.0.1,mocha@1.0.0,~1.6.0
sillyname@0.0.1,should@1.0.0,~1.2.0
table@4.0.1,ajv@4.0.0,^4.7.0
table@4.0.1,chalk@1.0.0,^1.1.1
table@4.0.1,lodash@4.0.0,^4.0.0
table@4.0.1,slice-ansi@0.0.2,0.0.4
table@4.0.1,ajv-keywords@1.0.0,^1.0.0
table@4.0.1,string-width@2.0.0,^2.0.0
tsconfig@6.0.0,strip-bom@3.0.0,^3.0.0
tsconfig@6.0.0,strip-json-comments@2.0.0,^2.0.0
ts-node@3.0.0,yn@1.0.0,^1.2.0
ts-node@3.0.0,diff@3.0.0,^3.1.0
ts-node@3.0.0,chalk@1.0.0,^1.1.1
ts-node@3.0.0,xtend@4.0.0,^4.0.0
ts-node@3.0.0,arrify@1.0.0,^1.0.0
ts-node@3.0.0,mkdirp@0.0.1,^0.5.1
ts-node@3.0.0,pinkie@2.0.0,^2.0.4
ts-node@3.0.0,v8flags@2.0.0,^2.0.11
ts-node@3.0.0,minimist@1.0.0,^1.2.0
ts-node@3.0.0,tsconfig@6.0.0,^6.0.0
ts-node@3.0.0,make-error@1.0.0,^1.1.1
ts-node@3.0.0,source-map-support@0.1.0,^0.4.0
unique-string@1.0.0,crypto-random-string@1.0.0,^1.0.0
configstore@3.0.0,mkdirp@0.0.1,^0.5.0
configstore@3.0.0,dot-prop@4.0.0,^4.1.0
configstore@3.0.0,graceful-fs@4.1.0,^4.1.2
configstore@3.0.0,xdg-basedir@3.0.0,^3.0.0
configstore@3.0.0,unique-string@1.0.0,^1.0.0
configstore@3.0.0,write-file-atomic@1.0.0,^1.1.2
registry-auth-token@3.0.0,rc@1.0.0,^1.1.6
fstream@0.0.0,mkdirp@0.0.1,0.0.7
fstream@0.0.0,rimraf@1.0.0,~1.0.8
fstream@0.0.0,inherits@1.0.0,~1.0.0
fstream@0.0.0,graceful-fs@1.0.0,~1.0.1
got@6.0.0,is-stream@1.0.0,^1.0.0
got@6.0.0,timed-out@2.0.0,^2.0.0
got@6.0.0,get-stream@1.0.0,^1.1.0
got@6.0.0,is-redirect@1.0.0,^1.0.0
got@6.0.0,is-plain-obj@1.0.0,^1.0.0
got@6.0.0,url-parse-lax@1.0.0,^1.0.0
got@6.0.0,lowercase-keys@1.0.0,^1.0.0
got@6.0.0,unzip-response@1.0.0,^1.0.0
got@6.0.0,node-status-codes@1.0.0,^1.0.0
got@6.0.0,create-error-class@3.0.0,^3.0.0
got@6.0.0,@floatdrop/duplexer2@0.1.4,^0.1.4
package-json@3.0.0,got@6.0.0,^6.7.1
package-json@3.0.0,semver@5.0.0,^5.1.0
package-json@3.0.0,registry-url@3.0.0,^3.0.3
package-json@3.0.0,registry-auth-token@3.0.0,^3.0.1
latest-version@3.0.0,package-json@3.0.0,^3.0.0
update-notifier@2.0.0,boxen@1.0.0,^1.0.0
update-notifier@2.0.0,chalk@1.0.0,^1.0.0
update-notifier@2.0.0,is-npm@1.0.0,^1.0.0
update-notifier@2.0.0,lazy-req@2.0.0,^2.0.0
update-notifier@2.0.0,configstore@3.0.0,^3.0.0
update-notifier@2.0.0,semver-diff@2.0.0,^2.0.0
update-notifier@2.0.0,xdg-basedir@3.0.0,^3.0.0
update-notifier@2.0.0,latest-version@3.0.0,^3.0.0
prisma-cli-engine@1.0.0,string-similarity@1.0.0,^1.2.0
prisma-cli-engine@1.0.0,strip-ansi@4.0.0,^4.0.0
prisma-cli-engine@1.0.0,supports-color@4.0.0,^4.4.0
prisma-cli-engine@1.0.0,treeify@1.0.0,^1.0.1
prisma-cli-engine@1.0.0,update-notifier@2.0.0,^2.3.0
prisma-cli-engine@1.0.0,validator@8.0.0,^8.2.0
prisma-cli-engine@1.0.0,yaml-ast-parser@0.0.18,^0.0.34
chainsaw@0.0.1,traverse@0.1.2,>=0.2.3
binary@0.0.1,chainsaw@0.0.1,>0.0.3
vows@0.2.5,eyes@0.1.1,>=0.1.0
stream-buffers@0.1.0,vows@0.2.5,>= 0.5.6
pullstream@0.0.1,over@0.0.1,~0.0.5
pullstream@0.0.1,stream-buffers@0.1.0,~0.2.3
unzip@0.0.1,binary@0.0.1,~0.3.0
unzip@0.0.1,fstream@0.0.0,~0.1.18
unzip@0.0.1,pullstream@0.0.1,0.0.1
prisma-cli-core@1.0.0,pause@0.0.1,^0.1.0
prisma-cli-core@1.0.0,portfinder@1.0.0,^1.0.13
prisma-cli-core@1.0.0,prisma-json-schema@0.0.0,^0.0.1
prisma-cli-core@1.0.0,prisma-yml@1.0.0,1.0.0
prisma-cli-core@1.0.0,scuid@1.0.1,^1.0.2
prisma-cli-core@1.0.0,semver@5.0.0,^5.4.1
prisma-cli-core@1.0.0,sillyname@0.0.1,^0.1.0
prisma-cli-core@1.0.0,source-map-support@0.1.0,^0.4.18
prisma-cli-core@1.0.0,table@4.0.1,^4.0.1
prisma-cli-core@1.0.0,ts-node@3.0.0,^3.3.0
prisma-cli-core@1.0.0,typescript@2.0.0,^2.5.3
prisma-cli-core@1.0.0,unzip@0.0.1,^0.1.11
define-properties@1.0.0,foreach@2.0.0,~2.0.5
define-properties@1.0.0,object-keys@1.0.0,~1.0.2
tape@4.0.0,glob@5.0.0,~5.0.3
tape@4.0.0,defined@0.0.0,~0.0.0
tape@4.0.0,resumer@0.0.0,~0.0.0
tape@4.0.0,through@2.0.0,~2.3.4
tape@4.0.0,inherits@2.0.0,~2.0.1
tape@4.0.0,deep-equal@1.0.0,~1.0.0
tape@4.0.0,object-inspect@1.0.0,~1.0.0
@es-shims/api@1.0.0,tape@4.0.0,^4.2.0
object.getownpropertydescriptors@2.0.0,es-abstract@1.0.0,^1.5.0
object.getownpropertydescriptors@2.0.0,@es-shims/api@1.0.0,^1.0.0
object.getownpropertydescriptors@2.0.0,define-properties@1.0.0,^1.1.2
util.promisify@1.0.0,define-properties@1.0.0,^1.1.2
util.promisify@1.0.0,object.getownpropertydescriptors@2.0.0,^2.0.3
prisma-cli-core@1.0.0,util.promisify@1.0.0,^1.0.0
prisma-cli-core@1.0.0,validator@8.0.0,^8.2.0
prisma@1.26.6,semver@5.0.0,^5.4.1
prisma@1.26.6,fs-extra@7.0.0,^7.0.0
prisma@1.26.6,prisma-cli-core@1.0.0,1.26.6
prisma@1.26.6,prisma-cli-engine@1.0.0,^1.26.6
prisma@1.26.6,source-map-support@0.1.0,^0.4.18
tildify@1.0.0,user-home@1.0.0,^1.0.0
findup-sync@0.1.0,glob@3.0.0,~3.1.14
findup-sync@0.1.0,lodash@0.1.0,~0.9.1
liftoff@0.1.0,resolve@0.0.0,~0.6.1
liftoff@0.1.0,optimist@0.0.1,~0.6.0
liftoff@0.1.0,findup-sync@0.1.0,~0.1.2
knex@0.7.5,chalk@0.1.0,~0.5.1
knex@0.7.5,lodash@2.0.0,~2.4.0
knex@0.7.5,mkdirp@0.0.1,^0.5.0
knex@0.7.5,liftoff@0.1.0,~0.13.2
knex@0.7.5,tildify@1.0.0,~1.0.0
knex@0.7.5,bluebird@2.0.2,^2.0.0
knex@0.7.5,inherits@2.0.0,~2.0.1
knex@0.7.5,minimist@1.0.0,~1.1.0
knex@0.7.5,commander@2.0.0,^2.2.0
knex@0.7.5,interpret@0.1.0,^0.3.2
knex@0.7.5,readable-stream@1.0.0,^1.1.12
knex@0.7.5,generic-pool-redux@0.1.0,~0.1.0
cron-parser@2.0.0,moment-timezone@0.0.1,^0.5.0
ioredis@3.0.0,debug@2.0.0,^2.2.0
ioredis@3.0.0,denque@1.0.0,^1.1.0
ioredis@3.0.0,lodash@4.0.0,^4.8.2
ioredis@3.0.0,bluebird@3.0.0,^3.3.4
ioredis@3.0.0,flexbuffer@0.0.1,0.0.6
ioredis@3.0.0,redis-parser@2.0.0,^2.4.0
ioredis@3.0.0,redis-commands@1.0.0,^1.2.0
ioredis@3.0.0,cluster-key-slot@1.0.0,^1.0.6
bull@3.4.7,uuid@3.0.0,^3.2.1
bull@3.4.7,lodash@4.0.0,^4.17.4
bull@3.4.7,semver@5.0.0,^5.5.0
bull@3.4.7,ioredis@3.0.0,^3.1.4
bull@3.4.7,bluebird@3.0.0,^3.5.0
bull@3.4.7,debuglog@1.0.0,^1.0.0
bull@3.4.7,cron-parser@2.0.0,^2.5.0
winston@1.0.1,eyes@0.1.3,0.1.x
winston@1.0.1,async@0.2.6,0.9.x
winston@1.0.1,cycle@1.0.1,1.0.x
winston@1.0.1,colors@1.0.2,1.0.x
winston@1.0.1,pkginfo@0.2.3,0.3.x
winston@1.0.1,isstream@0.1.0,0.1.x
winston@1.0.1,stack-trace@0.0.4,0.0.x
pump@1.0.0,once@1.1.1,^1.3.1
pump@1.0.0,end-of-stream@1.0.0,^1.1.0
split2@2.0.0,through2@2.0.0,~2.0.0
quick-format-unescaped@1.0.0,fast-safe-stringify@1.0.0,^1.0.8
pino@4.8.0,pump@1.0.0,^1.0.2
pino@4.8.0,chalk@2.0.0,^2.0.1
pino@4.8.0,split2@2.0.0,^2.0.1
pino@4.8.0,flatstr@1.0.0,^1.0.4
pino@4.8.0,fast-json-parse@1.0.0,^1.0.0
pino@4.8.0,fast-safe-stringify@1.0.0,^1.1.11
pino@4.8.0,quick-format-unescaped@1.0.0,^1.1.1
fstream@1.0.0,mkdirp@0.0.1,^0.5.0
fstream@1.0.0,rimraf@2.3.4,2
fstream@1.0.0,inherits@2.0.0,~2.0.0
fstream@1.0.0,graceful-fs@3.0.0,^3.0.2
color-string@1.1.1,color-name@1.0.0,^1.0.0
color-string@1.1.1,simple-swizzle@0.1.0,^0.2.1
color@0.1.0,color-string@1.1.1,0.1.x
color@0.1.0,color-convert@1.1.0,0.2.x
block-stream@0.0.5,inherits@1.0.0,~1.0.0
tar@2.0.0,fstream@1.0.0,^1.0.2
tar@2.0.0,inherits@1.0.2,2
tar@2.0.0,block-stream@0.0.5,*
sharp@0.13.0,nan@2.0.0,^2.2.0
sharp@0.13.0,tar@2.0.0,^2.2.1
sharp@0.13.0,color@0.1.0,^0.11.1
sharp@0.13.0,semver@5.0.0,^5.1.0
sharp@0.13.0,request@2.0.0,^2.69.0
sharp@0.13.0,bluebird@3.0.0,^3.2.2
readable-stream@2.0.3,isarray@0.0.0,0.0.1
readable-stream@2.0.3,inherits@2.0.0,~2.0.1
readable-stream@2.0.3,core-util-is@1.0.0,~1.0.0
readable-stream@2.0.3,string_decoder@0.10.31,~0.10.x
readable-stream@2.0.3,util-deprecate@1.0.0,~1.0.1
readable-stream@2.0.3,process-nextick-args@1.0.0,~1.0.0
dicer@0.1.2,streamsearch@0.0.1,0.1.2
dicer@0.1.2,readable-stream@2.0.3,*
busboy@0.0.1,dicer@0.1.2,*
busboy@0.0.1,iconv-lite@0.1.0,0.2.10
busboy@0.0.1,readable-stream@2.0.3,*
multer@0.1.7,qs@1.0.0,~1.2.2
multer@0.1.7,busboy@0.0.1,~0.2.9
multer@0.1.7,mkdirp@0.0.1,~0.3.5
multer@0.1.7,type-is@1.0.0,~1.5.2
connect@3.0.0,debug@0.0.1,0.8.1
connect@3.0.0,parseurl@1.0.0,1.0.1
connect@3.0.0,escape-html@1.0.0,1.0.1
connect@3.0.0,utils-merge@1.0.0,1.0.0
frameguard@0.1.0,underscore@1.0.3,1.7.0
x-xss-protection@0.1.0,platform@1.0.0,1.2.0
hsts@0.1.0,underscore@1.0.3,1.7.0
hpkp@0.1.0,arraywrap@0.1.0,^0.1.0
helmet-csp@0.1.0,camelize@1.0.0,1.0.0
helmet-csp@0.1.0,platform@1.0.0,1.2.0
helmet-csp@0.1.0,underscore@1.0.3,1.6.0
helmet@0.15.0,depd@1.0.0,1.1.0
helmet@0.15.0,hpkp@0.1.0,0.3.0
helmet@0.15.0,hsts@0.1.0,0.2.0
helmet@0.15.0,connect@3.0.0,3.4.0
helmet@0.15.0,nocache@0.1.0,0.4.0
helmet@0.15.0,ienoopen@0.1.0,0.1.0
helmet@0.15.0,frameguard@0.1.0,0.2.2
helmet@0.15.0,helmet-csp@0.1.0,0.3.0
helmet@0.15.0,hide-powered-by@0.1.0,0.1.0
helmet@0.15.0,x-xss-protection@0.1.0,0.2.0
helmet@0.15.0,helmet-crossdomain@0.1.0,0.1.0
helmet@0.15.0,dont-sniff-mimetype@0.1.0,0.1.0
